data_snapshot,os,pn,nomenclatura,unidade_solicitante,situacao,condicao,onde_se_encontra,tat_siloms
2026-07-10,3040249831,066-01141-5101,"RECEIVER-TRANSMITTER,RADIO (KT71)",PAMALS,REC,EM REPARO,LEAP,515.0
2026-07-10,3040250248,452-0133,"BATTERY,NONRECHARGEABLE",BABR,REC,CONDENADO,VEE ONE,499.0
2026-07-10,3040250249,452-0133,"BATTERY,NONRECHARGEABLE",BAMN,REC,CONDENADO,VEE ONE,499.0
2026-07-10,3040250234,3034792,BOMBA DE COMBUSTÍVEL,PAMALS,REC,,BANT,499.0
2026-07-10,3040250816,453-5060,"BEACON,DISTRESS",BAMN,REC,,PAMA-LS,477.0
2026-07-10,3040250830,799-1,TRANSDUCER,BACO,REC,,BANT,477.0
2026-07-10,3040250829,51539-012N,CONTROL UNIT ASSY-GENERATOR,BAMN,OS concluída,,,
2026-07-10,3040250828,51539-012N,CONTROL UNIT ASSY-GENERATOR,BACG,REC,,BABR,477.0
2026-07-10,3040250827,51539-012N,CONTROL UNIT ASSY-GENERATOR,BANT,REC,,BABR,477.0
2026-07-10,3040250831,799-1,TRANSDUCER,BANT,REC,,BANT,477.0
2026-07-10,3040250833,9910586-4,FLAP ACTUATOR AND MOTOR ASSEMBLY,ALA 3,REC,,BAMN,477.0
2026-07-10,3040250834,9910586-4,FLAP ACTUATOR AND MOTOR ASSEMBLY,ALA 3,OS concluída,CONDENADO,,
2026-07-10,3040250832,9910338-4,FUEL TOTALIZER INDICATOR,EEAR,REC,,PAMA-LS,477.0
2026-07-10,3040250835,ASG12000-2,ALTERNATOR,ALA 5,REC,REPARADO,V1 PAMA-LS,477.0
2026-07-10,3040250841,C661030-0301,TURN BANK,PAMALS,REC,EM REPARO,LEAP,477.0
2026-07-10,3040250842,C662041-0102,INDICATOR FUEL,ALA 5,REC,,PAMA-LS,477.0
2026-07-10,3040250844,C662041-0102,INDICATOR FUEL,ALA 9,REC,,PAMA-LS,477.0
2026-07-10,3040250843,C662041-0102,INDICATOR FUEL,ALA 10,OS concluída,REPARADO,,
2026-07-10,3040250719,060-0017-00,FLIGHT DIR HOR,PAMALS,REC,,BANT,477.0
2026-07-10,3040250720,060-0017-00,FLIGHT DIR HOR,BABV,OS concluída,REPARADO,,
2026-07-10,3040250722,066-01141-5101,"RECEIVER-TRANSMITTER,RADIO (KT71)",ALA 9,REC,EM REPARO,WILLIAM,477.0
2026-07-10,3040250723,066-01141-5101,"RECEIVER-TRANSMITTER,RADIO (KT71)",CLA,REC,,BABR,477.0
2026-07-10,3040250721,060-0017-00,FLIGHT DIR HOR,BANT,OS concluída,REPARADO,,
2026-07-10,3040250725,066-3046-07,"CONTROL,INDICATOR",ALA 10,OS concluída,REPARADO,,
2026-07-10,3040250724,066-04035-1101,"DISPLAY UNIT,RADAR",PAMALS,REC,,BANT,477.0
2026-07-10,3040250732,069-1025-25,"RECEIVER-TRANSMITTER,RADIO - KX165",PAMALS,REC,EM REPARO,WILLIAM,477.0
2026-07-10,3040250782,2606012-1,INDICATOR-INTER-TURBINE TEMPERATURE,ALA 9,OS concluída,,,
2026-07-10,3040250775,161-11700,INNER WHEEL HALF ASSY,BABE,OS concluída,CONDENADO,,
2026-07-10,3040250773,161-11700,INNER WHEEL HALF ASSY,EEAR,REC,,BACG,477.0
2026-07-10,3040250718,030-18200,MAIN WHEEL BRAKE,BACO,OS concluída,REPARADO,,
2026-07-10,3040250716,030-18200,MAIN WHEEL BRAKE,BABV,REC,EM REPARO,LEAP,477.0
2026-07-10,3040250717,030-18200,MAIN WHEEL BRAKE,BACO,OS concluída,REPARADO,,
2026-07-10,3040250780,162-11800,WHEEL HALF ASSY-OUTER,PAMALS,OS concluída,,,
2026-07-10,3040250781,162-11800,WHEEL HALF ASSY-OUTER,BACG,OS concluída,,,
2026-07-10,3040250778,161-12800,WHEEL HALF ASSY-INNER,BACG,OS concluída,REPARADO,,
2026-07-10,3040250776,161-12800,WHEEL HALF ASSY-INNER,BABE,OS concluída,CONDENADO,,
2026-07-10,3040250790,2643031-7,"FORK ASSY,NOSE GEAR SPRING",BAMN,OS concluída,CONDENADO,,
2026-07-10,3040250791,2643090-1,SHIMMY DAMPENE,BANT,REC,EM REPARO,AV AERONAUTICA,477.0
2026-07-10,3040250792,2643090-1,SHIMMY DAMPENE,BAMN,REC,REPARADO,V1 PAMA-LS,477.0
2026-07-10,3040250789,2641012-14,TRUNNION ASSY-RH-MAIN GEAR,PAMASP,OS concluída,CONDENADO,,
2026-07-10,3040250793,2643099-4,"SUPPORT ASSY FOWARD, NLG SPRING",BAMN,OS concluída,CONDENADO,,
2026-07-10,3040250798,30994-001,BATTERY-MARATHON TSP410 NICAD,BANT,OS concluída,CONDENADO,AMA - VEE ONE,
2026-07-10,3040252191,C611008-0101,ALTERNATOR CONTROL UNIT,PAMALS,REC,,BABR,444.0
2026-07-10,3040252159,011-00916-00,DISPLAY UNIT GDU 1040A,BAMN,REC,,BAMN,444.0
2026-07-10,3040252161,065-0042-03,COMPUTER PA,ALA 10,REC,EM REPARO,WILLIAM,444.0
2026-07-10,3040252162,065-0042-03,COMPUTER PA,EEAR,REC,,BABE,444.0
2026-07-10,3040252164,065-0042-03,COMPUTER PA,EEAR,REC,EM REPARO,WILLIAM,444.0
2026-07-10,3040252165,065-0042-03,COMPUTER PA,PAMALS,OS concluída,,,
2026-07-10,3040252166,065-0059-01,SERVO PITCH,EEAR,REC,EM REPARO,WILLIAM,444.0
2026-07-10,3040252168,066-03064-0005,"ALTIMETER,SERVO CONTROLLED,AUTOMATIC PRESSURE",ALA 9,OS concluída,REPARADO,,
2026-07-10,3040252173,066-03064-0005,"ALTIMETER,SERVO CONTROLLED,AUTOMATIC PRESSURE",BANT,REC,EM REPARO,LEAP,444.0
2026-07-10,3040252172,066-03064-0005,"ALTIMETER,SERVO CONTROLLED,AUTOMATIC PRESSURE",PAMALS,REC,NO ESTADO,VEE ONE,444.0
2026-07-10,3040252170,066-03064-0005,"ALTIMETER,SERVO CONTROLLED,AUTOMATIC PRESSURE",ALA 7,REC,NO ESTADO,VEE ONE,444.0
2026-07-10,3040252178,066-1072-00,RECEIVER ADF (KING KR87),PAMALS,OS concluída,,,
2026-07-10,3040252182,066-1072-04,"RECEIVER,RADIO",ALA 9,OS concluída,REPARADO,,
2026-07-10,3040252181,066-1072-04,"RECEIVER,RADIO",PAMASP,REC,EM REPARO,WILLIAM,444.0
2026-07-10,3040252180,066-1072-04,"RECEIVER,RADIO",ALA 8,OS concluída,,,
2026-07-10,3040252185,066-1072-04,"RECEIVER,RADIO",BAMN,OS concluída,REPARADO,,
2026-07-10,3040252189,9910338-6,"TRANSMITTER,RATE OF FLOW",ALA 8,OS concluída,REPARADO,,
2026-07-10,3040252190,9910338-6,"TRANSMITTER,RATE OF FLOW",BABR,OS concluída,,,
2026-07-10,3040252160,011-01020-10,AFCS MODE CONTROLLER GMC 710,BAMN,OS concluída,,,
2026-07-10,3040252939,C163030-1001,MAIN W BRAKE A,BABV,REC,,BAMN,414.0
2026-07-10,3040252936,030-18200,MAIN WHEEL BRAKE,BACO,REC,,PAMA-LS,414.0
2026-07-10,3040252935,030-18200,MAIN WHEEL BRAKE,BAMN,OS concluída,CONDENADO,,
2026-07-10,3040252940,30-182,MAIN WHEEL BRAKE,BABV,OS concluída,CONDENADO,,
2026-07-10,3040252942,30-182,MAIN WHEEL BRAKE,BAMN,OS concluída,REPARADO,,
2026-07-10,3040252943,30-182,MAIN WHEEL BRAKE,BAMN,OS concluída,REPARADO,,
2026-07-10,3040253170,161-12800,WHEEL HALF ASSY-INNER,BASM,OS concluída,CONDENADO,,
2026-07-10,3040253168,161-12800,WHEEL HALF ASSY-INNER,BASM,REC,REPARADO,VEE ONE,410.0
2026-07-10,3040253172,161-12800,WHEEL HALF ASSY-INNER,PAMALS,REC,,PROCURANDO,410.0
2026-07-10,3040253174,161-12800,WHEEL HALF ASSY-INNER,PAMALS,OS concluída,CONDENADO,,
2026-07-10,3040253173,161-12800,WHEEL HALF ASSY-INNER,PAMALS,REC,EM REPARO,LEAP,410.0
2026-07-10,3040253176,162-10700,OUTER WHEEL HALF ASSY,BABE,OS concluída,CONDENADO,,
2026-07-10,3040253177,162-10700,OUTER WHEEL HALF ASSY,BABV,REC,REPARADO,VEE ONE,410.0
2026-07-10,3040253178,162-10700,OUTER WHEEL HALF ASSY,PAMALS,REC,,PROCURANDO,410.0
2026-07-10,3040253179,162-11800,WHEEL HALF ASSY-OUTER,CLA,OS concluída,CONDENADO,,
2026-07-10,3040253181,162-11800,WHEEL HALF ASSY-OUTER,PAMALS,OS concluída,REPARADO,,
2026-07-10,3040253180,162-11800,WHEEL HALF ASSY-OUTER,BASM,REC,,PROCURANDO,410.0
2026-07-10,3040253182,162-11800,WHEEL HALF ASSY-OUTER,PAMALS,REC,REPARADO,VEE ONE,410.0
2026-07-10,3040253536,2641012-14,TRUNNION ASSY-RH-MAIN GEAR,PAMALS,OS concluída,CONDENADO,,
2026-07-10,3040253529,066-03064-0005,"ALTIMETER,SERVO CONTROLLED,AUTOMATIC PRESSURE",DSM-MN,REC,DEVOLVIDO NO ESTADO,WILLIAM,400.0
2026-07-10,3040253528,066-03064-0005,"ALTIMETER,SERVO CONTROLLED,AUTOMATIC PRESSURE",BANT,OS concluída,REPARADO,,
2026-07-10,3040253532,799-1,TRANSDUCER,PAMALS,REC,,BANT,400.0
2026-07-10,3040253535,2643099-4,"SUPPORT ASSY FOWARD, NLG SPRING",BABE,REC,CONDENADO,VEE ONE,400.0
2026-07-10,3040253531,799-1,TRANSDUCER,BAMN,REC,,VEE ONE,400.0
2026-07-10,3040253530,799-1,TRANSDUCER,BAMN,REC,,BANT,400.0
2026-07-10,3040253526,30994-001,BATTERY-MARATHON TSP410 NICAD,PAMALS,OS concluída,CONDENADO,AMA - VEE ONE,
2026-07-10,3040253527,30994-001,BATTERY-MARATHON TSP410 NICAD,BAPV,OS concluída,CONDENADO,AMA - VEE ONE,
2026-07-10,3040254195,540-1407-4,"VALVE,BLEED,TURBINEENGINE",PAMALS,REC,,BANT,382.0
2026-07-10,3040254201,2643090-3,SHIMMY DAMPER-NOSE GEAR,PAMALS,REC,REPARADO,V1 PAMA-LS,382.0
2026-07-10,3040254203,SE1070-6,SHIMMY DAMPENER ASSY,BACGINAT,OS concluída,,,
2026-07-10,3040254205,C660501-0103,"COMPASS,SPEC",PAMALS,REC,REPARADO,V1 PAMA-LS,382.0
2026-07-10,3040254206,C660501-0103,"COMPASS,SPEC",ALA 8,REC,EM REPARO EM GARANTIA,WILLIAM,382.0
2026-07-10,3040254208,C660501-0103,"COMPASS,SPEC",BABV,REC,REPARADO,V1 PAMA-LS,382.0
2026-07-10,3040254210,799-1,TRANSDUCER,BANT,REC,,BANT,382.0
2026-07-10,3040254792,2606013-1RX,INDICATOR-PERCENT RPM,BABR,REC,,BANT,373.0
2026-07-10,3040254770,069-1025-25,"RECEIVER-TRANSMITTER,RADIO - KX165",ALA 9,REC,EM REPARO,WILLIAM,373.0
2026-07-10,3040254799,453-5000-710,EMERGENCY LOCATOR TRANSMITTER MODEL C406-2,PAMASP,OS concluída,,,
2026-07-10,3040254806,C352TS,"EXTINGUISHER,FIRE",PAMALS,REC,REPARADO,V1 PAMA-LS,373.0
2026-07-10,3040254805,C352TS,"EXTINGUISHER,FIRE",PAMALS,OS concluída,,,
2026-07-10,3040254810,C352TS,"EXTINGUISHER,FIRE",PAMALS,OS concluída,,,
2026-07-10,3040254809,C352TS,"EXTINGUISHER,FIRE",PAMAGL,OS concluída,,,
2026-07-10,3040254803,C352TS,"EXTINGUISHER,FIRE",2 ETA,REC,REPARADO,V1 PAMA-LS,373.0
2026-07-10,3040254808,C352TS,"EXTINGUISHER,FIRE",BABR,REC,REPARADO,V1 PAMA-LS,373.0
2026-07-10,3040254795,D145-00-46-2,FLAP ACTUATOR ASSY,BABE,REC,,PAMA-LS,373.0
2026-07-10,3040254793,D145-00-46-2,FLAP ACTUATOR ASSY,PAMALS,REC,,PAMA-LS,373.0
2026-07-10,3040254815,C482001-0402,VACUUM REGULAT,PAMALS,REC,CONDENADO,VEE ONE,373.0
2026-07-10,3040254816,C482001-0402,VACUUM REGULAT,PAMALS,REC,CONDENADO,VEE ONE,373.0
2026-07-10,3040254820,2641011-5,AXLE-MAIN GEAR,BAMN,OS concluída,REPARADO,,
2026-07-10,3040254817,2641011-5,AXLE-MAIN GEAR,BABE,OS concluída,NO ESTADO,,
2026-07-10,3040254818,2641011-5,AXLE-MAIN GEAR,BABE,OS concluída,,,
2026-07-10,3040254819,2641011-5,AXLE-MAIN GEAR,BANT,OS concluída,REPARADO,,
2026-07-10,3040254796,30994-001,BATTERY-MARATHON TSP410 NICAD,BAMN,OS concluída,REPARADO,,
2026-07-10,3040254789,452-0133,"BATTERY,NONRECHARGEABLE",BAMN,REC,CONDENADO,VEE ONE,373.0
2026-07-10,3040254788,452-0133,"BATTERY,NONRECHARGEABLE",BAMN,REC,CONDENADO,VEE ONE,373.0
2026-07-10,3040254787,452-0133,"BATTERY PACK,AIRCRAFT",DACTA II,REC,CONDENADO,VEE ONE,373.0
2026-07-10,3040254786,452-0133,"BATTERY PACK,AIRCRAFT",BAMN,REC,CONDENADO,VEE ONE,373.0
2026-07-10,3040254785,452-0133,"BATTERY,NONRECHARGEABLE",BAMN,REC,CONDENADO,VEE ONE,373.0
2026-07-10,3040254784,452-0133,"BATTERY,NONRECHARGEABLE",DACTA II,REC,CONDENADO,VEE ONE,373.0
2026-07-10,3040255326,011-00916-00,DISPLAY UNIT GDU 1040A,BAMN,REC,,BAMN,364.0
2026-07-10,3040255319,702801-5,FUEL PUMP,PAMASP,REC,EM REPARO,VEE ONE,364.0
2026-07-10,3040255321,8210-002,"GOVERNOR,CONSTANT SPEED DRIVE",PAMALS,OS concluída,,,
2026-07-10,3040255461,DAAS-A-010-1,ADAS-D PROCESSOR,PAMALS,REC,EM REPARO,VEE ONE,360.0
2026-07-10,3040255589,071-01519-0101,"RECEIVER-EXCITER,RADAR",BANT,REC,,PROCURANDO,358.0
2026-07-10,3040255590,071-01519-0101,"RECEIVER-EXCITER,RADAR",PAMALS,OS concluída,REPARADO,,
2026-07-10,3040255706,C661064-0237,AIRSPEED INDICATOR,BAMN,OS concluída,,,
2026-07-10,3040256114,5934PAD-3,"ALTIMETER,PRESSURE",PAMALS,REC,EM REPARO,VEE ONE,344.0
2026-07-10,3040256119,011-00878-10,GSA-81 TORQUE SERVO,BAPV,REC,EM REPARO,LEAP,344.0
2026-07-10,3040256112,011-00883-20,RADAR GWX 68 WEATHER,BABE,REC,,BAMN,344.0
2026-07-10,3040256115,5934PAD-3,"ALTIMETER,PRESSURE",PAMALS,OS concluída,REPARADO,,
2026-07-10,3040256118,011-00878-10,GSA-81 TORQUE SERVO,BAPV,REC,,BACO,344.0
2026-07-10,3040256120,011-00916-10,"DISPLAY UNIT,FLIGHT INFORMATION",BAMN,OS concluída,,,
2026-07-10,3040256314,066-4010-12,RECEIVER VOR/LOC (KNS81),EEAR,REC,EM REPARO,LEAP,331.0
2026-07-10,3040256311,3121248-03,"VALVE ASSEMBLY,COMPRESSOR BLEED",PAMALS,OS concluída,,,
2026-07-10,3040256704,C661064-0237,AIRSPEED INDICATOR,PAMALS,OS concluída,,,
2026-07-10,3040256707,D210507,"GOVERNOR,OVERSPEED",PAMALS,OS concluída,,,
2026-07-10,3040256708,D210507,"GOVERNOR,OVERSPEED",PAMALS,REC,REPARADO,VEE ONE,322.0
2026-07-10,3040256702,C661064-0237,AIRSPEED INDICATOR,BABR,OS concluída,,,
2026-07-10,3040256703,C661064-0237,AIRSPEED INDICATOR,PAMALS,OS concluída,REPARADO,,
2026-07-10,3040256662,030-18200,MAIN WHEEL BRAKE,BASM,OS concluída,,,
2026-07-10,3040256665,161-11700,INNER WHEEL HALF ASSY,BABV,OS concluída,,,
2026-07-10,3040256666,161-11700,INNER WHEEL HALF ASSY,PAMALS,OS concluída,,,
2026-07-10,3040256667,161-11700,INNER WHEEL HALF ASSY,PAMALS,OS concluída,,,
2026-07-10,3040256668,161-11700,INNER WHEEL HALF ASSY,PAMALS,OS concluída,CONDENADO,,
2026-07-10,3040256669,161-11700,INNER WHEEL HALF ASSY,PAMALS,OS concluída,,,
2026-07-10,3040256670,161-11700,INNER WHEEL HALF ASSY,PAMALS,OS concluída,CONDENADO,,
2026-07-10,3040256671,161-11700,INNER WHEEL HALF ASSY,PAMALS,REC,REPARADO,VEE ONE,322.0
2026-07-10,3040256698,030-18200,MAIN WHEEL BRAKE,PAMASP,REC,,PROCURANDO,322.0
2026-07-10,3040256713,030-18200,MAIN WHEEL BRAKE,ALA 3,REC,,BAMN,322.0
2026-07-10,3040256694,162-11800,WHEEL HALF ASSY-OUTER,BANT,OS concluída,REPARADO,,
2026-07-10,3040256696,162-11800,WHEEL HALF ASSY-OUTER,PAMALS,REC,,PAMA-LS,322.0
2026-07-10,3040256672,161-12800,WHEEL HALF ASSY-INNER,PAMALS,REC,REPARADO,VEE ONE,322.0
2026-07-10,3040256675,161-12800,WHEEL HALF ASSY-INNER,BANT,OS concluída,REPARADO,,
2026-07-10,3040256792,011-00877-00,"GSA-80 SERVO ROL,YAW,SPEC",BAMN,REC,,PROCURANDO,322.0
2026-07-10,3040256787,011-00877-00,"GSA-80 SERVO ROL,YAW,SPEC",PAMALS,REC,EM REPARO,VEE ONE,322.0
2026-07-10,3040256828,011-00883-20,RADAR GWX 68 WEATHER,PAMALS,REC,CONDENADO,V1 PAMA-LS,322.0
2026-07-10,3040256709,3121248-03,"VALVE ASSEMBLY,COMPRESSOR BLEED",PAMASP,REC,,BANT,319.0
2026-07-10,3040256673,161-12800,WHEEL HALF ASSY-INNER,PAMALS,REC,CONDENADO,VEE ONE,319.0
2026-07-10,3040257095,011-01105-01,INTEGRATED AVIONICS UNIT GIA63W,BABE,REC,EM REPARO,VEE ONE,315.0
2026-07-10,3040257096,011-01105-01,INTEGRATED AVIONICS UNIT GIA63W,BABE,REC,,BAMN,315.0
2026-07-10,3040257093,065-00183-0501,AUTOPILOT COMPUTER KFC225,BABE,REC,,BANT,315.0
2026-07-10,3040257094,065-00183-0501,AUTOPILOT COMPUTER KFC225,BABE,REC,,BANT,315.0
2026-07-10,3040257443,161-12800,WHEEL HALF ASSY-INNER,ALA 3,AUT,,NÃO TEVE MOVIMENTAÇÃO,303.0
2026-07-10,3040257442,C163030-1001,MAIN W BRAKE A,BAMN,REC,REPARADO,VEE ONE,296.0
2026-07-10,3040257452,3244809-8,"FUEL CONTROL,MAIN,TURBINE ENGINE",BAPV,OS concluída,REPARADO,,
2026-07-10,3040257454,EA-5172-45-CES,"INDICATOR,AIRSPEED",BACG,OS concluída,,,
2026-07-10,3040257453,EA-5172-45-CES,"INDICATOR,AIRSPEED",ALA 7,REC,DEVOLVIDO NO ESTADO,WILLIAM,296.0
2026-07-10,3040257451,3244809-7,"FUEL CONTROL,MAIN,TURBINE ENGINE",PAMASP,REC,,BANT,296.0
2026-07-10,3040257450,3244809-4,"FUEL CONTROL,MAIN,TURBINE ENGINE",PAMASP,OS concluída,EM REPARO,LEAP,
2026-07-10,3040257438,030-18200,MAIN WHEEL BRAKE,BAMN,REC,REPARADO,VEE ONE,296.0
2026-07-10,3040257444,162-10700,OUTER WHEEL HALF ASSY,PAMALS,OS concluída,CONDENADO,,
2026-07-10,3040257447,162-10700,OUTER WHEEL HALF ASSY,PAMALS,OS concluída,CONDENADO,,
2026-07-10,3040257436,30994-001,BATTERY-MARATHON TSP410 NICAD,PAMALS,OS concluída,CONDENADO,AMA - VEE ONE,
2026-07-10,3040257441,030-18200,MAIN WHEEL BRAKE,BAPV,REC,,BAMN,296.0
2026-07-10,3040257440,030-18200,MAIN WHEEL BRAKE,BANT,REC,CONDENADO,VEE ONE,296.0
2026-07-10,3040257439,030-18200,MAIN WHEEL BRAKE,BAMN,REC,,BAMN,296.0
2026-07-10,3040258306,D210507,"GOVERNOR,OVERSPEED",PAMALS,REC,EM REPARO,LEAP,276.0
2026-07-10,3040258310,D210507,"GOVERNOR,OVERSPEED",BACO,OS concluída,,,
2026-07-10,3040258309,D210507,"GOVERNOR,OVERSPEED",BAMN,REC,EM REPARO,LEAP,276.0
2026-07-10,3040258308,D210507,"GOVERNOR,OVERSPEED",BAMN,OS concluída,REPARADO,,
2026-07-10,3040258307,D210507,"GOVERNOR,OVERSPEED",ALA 5,OS concluída,,,
2026-07-10,3040258303,011-00877-00,"GSA-80 SERVO ROL,YAW,SPEC",DACTA II,REC,EM REPARO,VEE ONE,276.0
2026-07-10,3040258422,2601188-8,COMPRESSOR DRIVE ASSY R134A,PAMASP,REC,,PROCURANDO,274.0
2026-07-10,3040258419,011-00877-00,"GSA-80 SERVO ROL,YAW,SPEC",DACTA II,REC,EM REPARO,VEE ONE,274.0
2026-07-10,3040258420,011-00877-00,"GSA-80 SERVO ROL,YAW,SPEC",BACO,REC,EM REPARO,VEE ONE,274.0
2026-07-10,3040258421,011-00877-00,"GSA-80 SERVO ROL,YAW,SPEC",BABE,REC,,BACO,274.0
2026-07-10,3040258764,069-01034-0102,"NAVIGATION SET,SATELLITE SIGNALS KLN-94",PAMALS,REC,,BANT,267.0
2026-07-10,3040259152,066-01141-5101,"TRANSPONDER,RADAR",BABE,REC,,BANT,248.0
2026-07-10,3040259151,066-01141-5101,"TRANSPONDER,RADAR",BANT,REC,REPARADO,V1 PAMA-LS,248.0
2026-07-10,3040259251,064-1019-05,VHF TRANSCEIVE KY196,EEAR,REC,,EEAR,246.0
2026-07-10,3040259146,1U149-015-15,HORIZ. GYRO-STADBY,PAMALS,REC,EM REPARO,VEE ONE,245.0
2026-07-10,3040259147,162-10700,OUTER WHEEL HALF ASSY,BANT,REC,EM REPARO,AMA - VEE ONE,245.0
2026-07-10,3040259148,3049038-03,"VALVE,COMPRESSOR BLEED",BANT,OS concluída,,,
2026-07-10,3040259316,2606015-4,INDICATOR-OIL TEMP/OIL PRESS,BACG,REC,REPARADO,V1 PAMA-LS,242.0
2026-07-10,3040259564,C414007-0102,BLOWER ASSY,PAMALS,OS concluída,,,
2026-07-10,3040259568,C414007-0102,BLOWER ASSY,ALA 10,OS concluída,,,
2026-07-10,3040259570,C414007-0102,BLOWER ASSY,ALA 10,OS concluída,,,
2026-07-10,3040259694,025323-150,FUEL PUMP,PAMASP,REC,,BACO,234.0
2026-07-10,3040259922,C414007-0102,BLOWER ASSY,BANT,REC,REPARADO,V1 PAMA-LS,227.0
2026-07-10,3040259928,C414007-0102,BLOWER ASSY,PAMALS,REC,EM REPARO,VEE ONE,227.0
2026-07-10,3040259924,C414007-0102,BLOWER ASSY,BACG,REC,EM REPARO,VEE ONE,227.0
2026-07-10,3040259918,C414007-0102,BLOWER ASSY,ALA 10,REC,EM REPARO,VEE ONE,227.0
2026-07-10,3040259950,065-0060-01,"CONTROL,SERVO,AUTOMATIC PILOT",PAMALS,REC,EM REPARO,LEAP,227.0
2026-07-10,3040259949,065-0060-01,"CONTROL,SERVO,AUTOMATIC PILOT",PAMALS,REC,EM REPARO,LEAP,227.0
2026-07-10,3040259947,066-3046-07,"CONTROL,INDICATOR",EEAR,OS concluída,REPARADO,,
2026-07-10,3040259946,066-3046-07,"CONTROL,INDICATOR",BANT,REC,,BANT,227.0
2026-07-10,3040259944,066-3046-07,"CONTROL,INDICATOR",EEAR,REC,,PAMA-LS,227.0
2026-07-10,3040260209,011-00916-00,DISPLAY UNIT GDU 1040A,PAMALS,REC,,BAMN,213.0
2026-07-10,3040260208,324843-W020,HEADSET-MICROPHONE,PAMALS,REC,VAI SER DEVOLVIDO SEM REPARO,WILLIAM,213.0
2026-07-10,3040260204,324843-W020,HEADSET-MICROPHONE,PAMALS,OS concluída,REPARADO,,
2026-07-10,3040260205,324843-W020,HEADSET-MICROPHONE,PAMALS,OS concluída,REPARADO,,
2026-07-10,3040260388,SD5H14C4527,AIR COMPRESSOR,PAMALS,REC,EM REPARO,VEE ONE,206.0
2026-07-10,3040260382,065-00183-0501,AUTOPILOT COMPUTER KFC225,BANT,REC,,BANT,206.0
2026-07-10,3040260389,SD5H14C4527,AIR COMPRESSOR,PAMALS,REC,EM REPARO,VEE ONE,206.0
2026-07-10,3040260517,ASG12000-2,ALTERNATOR,PAMALS,OS concluída,,,
2026-07-10,3040260524,51539-012M,CONTROL UNIT ASSY-GENERATOR,BANT,REC,,BACG,203.0
2026-07-10,3040260516,ASG12000-2,ALTERNATOR,PAMALS,REC,REPARADO,V1 PAMA-LS,203.0
2026-07-10,3040260523,9910592-2,ALTERNADOR,BAMN,REC,REPARADO,V1 PAMA-LS,203.0
2026-07-10,3040260522,9910592-2,ALTERNADOR,BAMN,REC,REPARADO,V1 PAMA-LS,203.0
2026-07-10,3040260547,161-12800,WHEEL HALF ASSY-INNER,EPCAR,OS concluída,REPARADO,VEE ONE,
2026-07-10,3040260545,161-11700,INNER WHEEL HALF ASSY,BACG,REC,REPARADO,VEE ONE,185.0
2026-07-10,3040260544,161-11700,INNER WHEEL HALF ASSY,BANT,REC,REPARADO,VEE ONE,185.0
2026-07-10,3040260546,161-12800,WHEEL HALF ASSY-INNER,PAMALS,REC,REPARADO,VEE ONE,185.0
2026-07-10,3040260548,161-11700,INNER WHEEL HALF ASSY,CLA,REC,REPARADO,VEE ONE,185.0
2026-07-10,3040260549,162-10700,OUTER WHEEL HALF ASSY,BACG,REC,REPARADO,VEE ONE,185.0
2026-07-10,3040260550,162-10700,OUTER WHEEL HALF ASSY,CLA,REC,REPARADO,VEE ONE,185.0
2026-07-10,3040260551,162-11800,WHEEL HALF ASSY-OUTER,BANT,REC,REPARADO,VEE ONE,185.0
2026-07-10,3040260552,30994-001,BATTERY-MARATHON TSP410 NICAD,BABE,OS concluída,CONDENADO,AMA - VEE ONE,
2026-07-10,3040260543,324843-W020,HEADSET-MICROPHONE,PAMALS,REC,VAI SER DEVOLVIDO SEM REPARO,WILLIAM,185.0
2026-07-10,3040260542,324843-W020,HEADSET-MICROPHONE,PAMALS,REC,,BABE,185.0
2026-07-10,3040260541,324843-W020,HEADSET-MICROPHONE,PAMALS,OS concluída,REPARADO,,
2026-07-10,3040260540,324843-W020,HEADSET-MICROPHONE,PAMALS,OS concluída,REPARADO,,
2026-07-10,3040260538,324843-W020,HEADSET-MICROPHONE,PAMALS,REC,,BABE,185.0
2026-07-10,3040260539,324843-W020,HEADSET-MICROPHONE,PAMALS,REC,,BABE,185.0
2026-07-10,3040260595,9910586-4,FLAP ACTUATOR AND MOTOR ASSEMBLY,7 ETA,REC,,BAMN,185.0
2026-07-10,3040260597,9910586-4,FLAP ACTUATOR AND MOTOR ASSEMBLY,BAPV,REC,REPARADO,VEE ONE,185.0
2026-07-10,3040260583,3244897-4,FUEL CONTROL UNIT,PAMALS,OS concluída,,,
2026-07-10,3040260750,3122678-04,FUEL CONTROL UNIT,PAMASP,REC,,BANT,177.0
2026-07-10,3040260752,3244897-4,FUEL CONTROL UNIT,PAMASP,OS concluída,REPARADO,,
2026-07-10,3040260753,3244809-7,"FUEL CONTROL,MAIN,TURBINE ENGINE",PAMASP,OS concluída,REPARADO,,
2026-07-10,3040260754,3244809-1,"FUEL CONTROL,MAIN,TURBINE ENGINE",PAMASP,REC,EM QUARENTENA,LEAP,177.0
2026-07-10,3040254794,C145-350,"MOTOR,DIRECT CURRENT",PAMALS,OS concluída,,,
2026-07-10,3040260913,064-1054-30,RECEIVER-TRANSMITTER SUBASSEMBLY,EPCAR,REC,REPARADO,V1 PAMA-LS,165.0
2026-07-10,3040260915,064-1054-30,RECEIVER-TRANSMITTER SUBASSEMBLY,PAMALS,REC,REPARADO,V1 PAMA-LS,165.0
2026-07-10,3040260811,3034792,BOMBA DE COMBUSTÍVEL,BAPV,REC,,BABR,163.0
2026-07-10,3040260812,3034792,BOMBA DE COMBUSTÍVEL,BACG,OS concluída,,,
2026-07-10,3040260922,162-11800,WHEEL HALF ASSY-OUTER,PAMALS,OS concluída,,,
2026-07-10,3040260923,030-18200,MAIN WHEEL BRAKE,BACO,REC,REPARADO,VEE ONE,163.0
2026-07-10,3040261389,3034792,BOMBA DE COMBUSTÍVEL,PAMASP,REC,REPARADO,V1 PAMA-LS,150.0
2026-07-10,3040261388,3034792,BOMBA DE COMBUSTÍVEL,BABR,OS concluída,REPARADO,,
2026-07-10,3040261387,3034792,BOMBA DE COMBUSTÍVEL,BABR,OS concluída,REPARADO,,
2026-07-10,3040261371,TFF2905-13,FUEL FLOW TRANSDUCER,ALA 8,REC,EM REPARO,WILLIAM,150.0
2026-07-10,3040261375,C661065-0240RX,"INDICATOR, AIRSPEED",BACG,REC,EM REPARO,WILLIAM,150.0
2026-07-10,3040261373,C661065-0240,AIRSPEED INDICATOR,BABE,REC,REPARADO,V1 PAMA-LS,150.0
2026-07-10,3040261322,011-00831-00,"ENGINE INTERFA,SPEC",BAPV,REC,REPARADO,VEE ONE,150.0
2026-07-10,3040261326,011-00882-10,"COMPUTER,AIR DATA",BAMN,OS concluída,,,
2026-07-10,3040261324,011-00882-10,"COMPUTER,AIR DATA",BAMN,OS concluída,,,
2026-07-10,3040261327,064-1054-30,RECEIVER-TRANSMITTER SUBASSEMBLY,PAMASP,REC,REPARADO,V1 PAMA-LS,150.0
2026-07-10,3040261336,066-01141-0101,"RECEIVER,RADIO",BANT,REC,REPARADO,V1 PAMA-LS,150.0
2026-07-10,3040261334,065-0065-01,SELECTOR ALT,BANT,REC,EM REPARO,WILLIAM,150.0
2026-07-10,3040261331,065-0061-36,ACTUATOR TRIM (KS272A),PAMASP,REC,,BABR,150.0
2026-07-10,3040261329,065-0061-36,ACTUATOR TRIM (KS272A),ALA 10,OS concluída,REPARADO,,
2026-07-10,3040261335,065-0065-01,SELECTOR ALT,BANT,REC,EM REPARO,WILLIAM,150.0
2026-07-10,3040261342,066-3084-02,COLOR RADAR INDICATOR,BABV,REC,EM REPARO,WILLIAM,150.0
2026-07-10,3040261340,066-1053-00,"RECEIVER,RADIO",BASM,REC,REPARADO,V1 PAMA-LS,150.0
2026-07-10,3040261377,066-3054-01,INDICATOR RADAR ALTIMETER - TYPE KI250,PAMALS,REC,EM REPARO,WILLIAM,150.0
2026-07-10,3040261376,066-1061-03,RT RADAR ALTIM (KRA10A),PAMALS,REC,PARA REPARO,VEE ONE,150.0
2026-07-10,3040261352,1134380-4,EVAPORATOR MODULE ASSY-RH,BAMN,REC,CONDENADO,VEE ONE,150.0
2026-07-10,3040261347,071-1234-00,ANTENNA ACCESSORY,ALA 1,REC,EM REPARO,WILLIAM,150.0
2026-07-10,3040261344,066-4010-12,RECEIVER VOR/LOC (KNS81),ALA 10,REC,EM REPARO,WILLIAM,150.0
2026-07-10,3040261353,1H75-21,PRESSURE REGULATOR,BAMN,REC,,BAMN,150.0
2026-07-10,3040261357,2682001-1,BRAKE CYL MAST,BABE,OS concluída,REPARADO,,
2026-07-10,3040261356,2670104-2,ANNUNCIATOR PANEL,PAMALS,REC,REPARADO,VEE ONE,150.0
2026-07-10,3040261355,2643100-201,NOSE GEAR STRUT ASSY - TALL FORK,BABR,OS concluída,REPARADO,,
2026-07-10,3040261354,2643100-201,NOSE GEAR STRUT ASSY - TALL FORK,BANT,REC,EM REPARO,AV AERONAUTICA,150.0
2026-07-10,3040261364,8210-002-01,GOVERNOR PROPELLER,PAMASP,REC,REPARADO,VEE ONE,150.0
2026-07-10,3040261627,S3828-1,ALTIMETER,BAMN,REC,EM REPARO,WILLIAM,136.0
2026-07-10,3040261628,S3828-1,ALTIMETER,BABE,REC,REPARADO,V1 PAMA-LS,136.0
2026-07-10,3040261851,51539-012MRX,CONTROL UNIT ASSY-GENERATOR,BABE,REC,EM REPARO,VEE ONE,128.0
2026-07-10,3040261852,51539-012MRX,CONTROL UNIT ASSY-GENERATOR,BABE,REC,EM REPARO,VEE ONE,128.0
2026-07-10,3040261843,3034792,BOMBA DE COMBUSTÍVEL,PAMALS,REC,EM REPARO,VEE ONE,123.0
2026-07-10,3040262245,200SGL119Q-2,STARTER GENERATOR,BAMN,OS concluída,REPARADO,,
2026-07-10,3040262246,200SGL119Q-2,STARTER GENERATOR,BAMN,OS concluída,REPARADO,,
2026-07-10,3040262273,324843-W020,HEADSET-MICROPHONE,BABE,OS concluída,REPARADO,,
2026-07-10,3040262275,324843-W020,HEADSET-MICROPHONE,BANT,OS concluída,REPARADO,,
2026-07-10,3040262363,066-1055-00,AUDIO CONTROL PANEL,ALA 5,OS concluída,,,
2026-07-10,3040262367,066-1055-00,AUDIO CONTROL PANEL,ALA 9,REC,EM REPARO,WILLIAM,106.0
2026-07-10,3040262368,066-1055-00,AUDIO CONTROL PANEL,CLA,OS concluída,,,
2026-07-10,3040262372,51539-012M,CONTROL UNIT ASSY-GENERATOR,BANT,REC,,V1 PAMA-LS,106.0
2026-07-10,3040262371,51539-012N,CONTROL UNIT ASSY-GENERATOR,BANT,REC,REPARADO,V1 PAMA-LS,106.0
2026-07-10,3040262419,065-0061-36,ACTUATOR TRIM (KS272A),ALA 9,REC,EM REPARO,WILLIAM,101.0
2026-07-10,3040262734,C352,PORTABLE HALON FIRE EXTINGUISHERS,ALA 5,REC,EM REPARO,AV AERONAUTICA,88.0
2026-07-10,3040262738,C352TS,"EXTINGUISHER,FIRE",BANT,REC,,PROCURANDO,88.0
2026-07-10,3040262739,C352TS,"EXTINGUISHER,FIRE",BANT,REC,,PROCURANDO,88.0
2026-07-10,3040262740,C352TS,"EXTINGUISHER,FIRE",PAMALS,REC,,PROCURANDO,88.0
2026-07-10,3040262766,011-00883-20,RADAR GWX 68 WEATHER,BAMN,REC,EM REPARO,VEE ONE,88.0
2026-07-10,3040262765,011-00883-20,RADAR GWX 68 WEATHER,BAMN,REC,EM REPARO,VEE ONE,88.0
2026-07-10,3040262772,011-01020-10,AFCS MODE CONTROLLER GMC 710,BAMN,REC,EM REPARO,WILLIAM,88.0
2026-07-10,3040262770,011-01020-10,AFCS MODE CONTROLLER GMC 710,BAMN,REC,EM REPARO,WILLIAM,88.0
2026-07-10,3040262773,011-01020-10,AFCS MODE CONTROLLER GMC 710,BAMN,REC,EM REPARO,WILLIAM,88.0
2026-07-10,3040262746,066-1070-01,TRANSCEIVER DME (KN63),BABE,REC,EM REPARO,WILLIAM,88.0
2026-07-10,3040262745,064-1019-05,VHF TRANSCEIVE KY196,EEAR,REC,EM REPARO,VEE ONE,88.0
2026-07-10,3040262747,066-1072-00,RECEIVER ADF (KING KR87),ALA 7,REC,EM REPARO,WILLIAM,88.0
2026-07-10,3040262748,066-3046-07,"CONTROL,INDICATOR",BABR,REC,,BANT,88.0
2026-07-10,3040262769,066-3046-07,"CONTROL,INDICATOR",BABR,REC,,BANT,88.0
2026-07-10,3040262768,066-3046-07,"CONTROL,INDICATOR",EEAR,REC,EM REPARO,LEAP,88.0
2026-07-10,3040262767,066-3046-07,"CONTROL,INDICATOR",EEAR,REC,EM REPARO,LEAP,88.0
2026-07-10,3040262791,066-3060-00,IND RMI KNI582,BANT,REC,EM REPARO,LEAP,88.0
2026-07-10,3040262630,161-11700,INNER WHEEL HALF ASSY,BANT,REC,REPARADO,VEE ONE,88.0
2026-07-10,3040262792,066-3060-00,IND RMI KNI582,BANT,REC,EM REPARO,LEAP,88.0
2026-07-10,3040262634,162-10700,OUTER WHEEL HALF ASSY,BANT,REC,REPARADO,VEE ONE,88.0
2026-07-10,3040262632,161-12800,WHEEL HALF ASSY-INNER,BANT,OS concluída,REPARADO,VEE ONE,
2026-07-10,3040262633,161-12800,WHEEL HALF ASSY-INNER,BANT,REC,REPARADO,VEE ONE,88.0
2026-07-10,3040262635,162-11800,WHEEL HALF ASSY-OUTER,EPCAR,REC,REPARADO,VEE ONE,88.0
2026-07-10,3040262637,162-11800,WHEEL HALF ASSY-OUTER,BANT,REC,REPARADO,VEE ONE,88.0
2026-07-10,3040262636,162-11800,WHEEL HALF ASSY-OUTER,BANT,REC,REPARADO,VEE ONE,88.0
2026-07-10,3040262646,200SGL119Q,STARTER GENERATOR,PAMASP,OS concluída,,,
2026-07-10,3040262639,200SGL119Q,STARTER GENERATOR,PAMASP,OS concluída,,PAMA-LS,
2026-07-10,3040262638,200SGL119Q,STARTER GENERATOR,PAMALS,REC,EM REPARO,AV AERONAUTICA,88.0
2026-07-10,3040262757,2606015-2,IND OIL TEMP/P,PAMALS,REC,EM REPARO,VEE ONE,88.0
2026-07-10,3040262706,2641011-5,AXLE-MAIN GEAR,BAMN,REC,,BANT,88.0
2026-07-10,3040262707,2641011-5,AXLE-MAIN GEAR,BABV,REC,REPARADO,VEE ONE,88.0
2026-07-10,3040262717,2641011-5,AXLE-MAIN GEAR,BANT,REC,REPARADO,VEE ONE,88.0
2026-07-10,3040262714,2641011-5,AXLE-MAIN GEAR,BAPV,REC,,BANT,88.0
2026-07-10,3040262713,2641011-5,AXLE-MAIN GEAR,BAPV,REC,REPARADO,VEE ONE,88.0
2026-07-10,3040262712,2641011-5,AXLE-MAIN GEAR,BABR,REC,,BANT,88.0
2026-07-10,3040262711,2641011-5,AXLE-MAIN GEAR,BABR,REC,,BANT,88.0
2026-07-10,3040262709,2641011-5,AXLE-MAIN GEAR,PAMALS,REC,,BANT,88.0
2026-07-10,3040262708,2641011-5,AXLE-MAIN GEAR,PAMALS,REC,,BANT,88.0
2026-07-10,3040262744,3244809-1A,F.C.U,PAMALS,REC,EM REPARO,LEAP,88.0
2026-07-10,3040262758,9910338-4,FUEL TOTALIZER INDICATOR,PAMALS,REC,EM REPARO,VEE ONE,88.0
2026-07-10,3040262759,9910338-6,"TRANSMITTER,RATE OF FLOW",BAMN,REC,EM REPARO,WILLIAM,88.0
2026-07-10,3040262760,9910338-6,"TRANSMITTER,RATE OF FLOW",BANT,REC,EM REPARO,VEE ONE,88.0
2026-07-10,3040262966,2682001-1,BRAKE CYL MAST,BACO,OS concluída,,PAMA-LS,
2026-07-10,3040262967,2682001-1,BRAKE CYL MAST,PAMALS,REC,REPARADO,V1 PAMA-LS,86.0
2026-07-10,3040262968,2682001-1,BRAKE CYL MAST,BANT,OS concluída,,PAMA-LS,
2026-07-10,3040262969,2682001-1,BRAKE CYL MAST,BABE,REC,REPARADO,V1 PAMA-LS,86.0
2026-07-10,3040263069,453-5060,ELT C406-N,BABE,OS concluída,,,
2026-07-10,3040263283,D145-00-46-2,FLAP ACTUATOR ASSY,PAMALS,REC,EM REPARO,LEAP,71.0
2026-07-10,3040263284,D145-00-46-2,FLAP ACTUATOR ASSY,BAFL,REC,EM REPARO,LEAP,71.0
2026-07-10,3040263324,069-01033-0101,"RECEIVER-TRANSMITTER,RADIO",PAMALS,REC,EM REPARO,LEAP,71.0
2026-07-10,3040263287,C661065-0237,AIRSPEED INDICATOR,BABR,REC,REPARADO,VEE ONE,71.0
2026-07-10,3040263288,C661065-0237,AIRSPEED INDICATOR,PAMASP,REC,REPARADO,VEE ONE,71.0
2026-07-10,3040263314,060-0017-00,FLIGHT DIR HOR,EEAR,REC,EM REPARO,LEAP,71.0
2026-07-10,3040263319,066-1055-00,AUDIO CONTROL PANEL,BABE,REC,REPARADO,VEE ONE,71.0
2026-07-10,3040263317,060-0017-00,FLIGHT DIR HOR,PAMASP,REC,,BANT,71.0
2026-07-10,3040263316,060-0017-00,FLIGHT DIR HOR,BANT,REC,,BANT,71.0
2026-07-10,3040263320,066-1055-00,AUDIO CONTROL PANEL,PAMALS,REC,EM REPARO,AV AERONAUTICA,71.0
2026-07-10,3040263325,069-01033-0101,"RECEIVER-TRANSMITTER,RADIO",PAMALS,REC,,PROCURANDO,71.0
2026-07-10,3040263335,C611008-0101,ALTERNATOR CONTROL UNIT,PAMALS,REC,EM REPARO,AV AERONAUTICA,71.0
2026-07-10,3040263336,C611008-0101,ALTERNATOR CONTROL UNIT,PAMALS,REC,EM REPARO,AV AERONAUTICA,71.0
2026-07-10,3040263286,C661065-0237,AIRSPEED INDICATOR,BANT,REC,DEVOLVIDO NO ESTADO,WILLIAM,71.0
2026-07-10,3040263322,066-1055-00,AUDIO CONTROL PANEL,ALA 9,REC,EM REPARO,WILLIAM,71.0
2026-07-10,3040263326,069-01033-0101,"RECEIVER-TRANSMITTER,RADIO",PAMALS,REC,,BANT,71.0
2026-07-10,3040263315,060-0017-00,FLIGHT DIR HOR,BACG,OS concluída,,BABR,
2026-07-10,3040263334,011-00916-10,"DISPLAY UNIT,FLIGHT INFORMATION",BACO,REC,VAI SER DEVOLVIDO SEM REPARO,WILLIAM,71.0
2026-07-10,3040263333,011-00916-10,"DISPLAY UNIT,FLIGHT INFORMATION",BACO,REC,EM REPARO,WILLIAM,71.0
2026-07-10,3040263332,011-00916-10,"DISPLAY UNIT,FLIGHT INFORMATION",BAMN,REC,EM REPARO,WILLIAM,71.0
2026-07-10,3040263331,C661064-0237,AIRSPEED INDICATOR,PAMALS,REC,VAI SER DEVOLVIDO SEM REPARO,WILLIAM,71.0
2026-07-10,3040263329,C661064-0237,AIRSPEED INDICATOR,PAMALS,REC,EM REPARO,WILLIAM,71.0
2026-07-10,3040263328,C661064-0237,AIRSPEED INDICATOR,BABR,REC,EM REPARO,WILLIAM,71.0
2026-07-10,3040263327,C661064-0237,AIRSPEED INDICATOR,BABR,REC,EM REPARO,WILLIAM,71.0
2026-07-10,3040263330,C661064-0237,AIRSPEED INDICATOR,PAMALS,REC,EM REPARO,WILLIAM,71.0
2026-07-10,3040263338,C611008-0101,ALTERNATOR CONTROL UNIT,PAMALS,REC,REPARADO,V1 PAMA-LS,71.0
2026-07-10,3040263433,066-03064-0005,"ALTIMETER,SERVO CONTROLLED,AUTOMATIC PRESSURE",BACG,REC,EM REPARO,WILLIAM,65.0
2026-07-10,3040263435,066-03064-0005,"ALTIMETER,SERVO CONTROLLED,AUTOMATIC PRESSURE",BANT,REC,EM REPARO,WILLIAM,65.0
2026-07-10,3040263434,066-03064-0005,"ALTIMETER,SERVO CONTROLLED,AUTOMATIC PRESSURE",PAMASP,REC,VAI SER DEVOLVIDO SEM REPARO,WILLIAM,65.0
2026-07-10,3040263417,069-01033-0101,"RECEIVER-TRANSMITTER,RADIO",PAMALS,REC,EM REPARO,WILLIAM,65.0
2026-07-10,3040263416,069-01033-0101,"RECEIVER-TRANSMITTER,RADIO",BASM,REC,EM REPARO,WILLIAM,65.0
2026-07-10,3040263415,069-01033-0101,"RECEIVER-TRANSMITTER,RADIO",BABR,REC,,BANT,65.0
2026-07-10,3040263447,066-3046-07,"CONTROL,INDICATOR",CLA,REC,,BABR,65.0
2026-07-10,3040263443,3244897-4,FUEL CONTROL UNIT,PAMALS,REC,EM REPARO,LEAP,64.0
2026-07-10,3040263444,3244897-4,FUEL CONTROL UNIT,PAMALS,REC,EM REPARO,LEAP,64.0
2026-07-10,3040263577,060-0015-00,"CONTROL,DIRECTIONAL,AUTOMATIC PILOT",ALA 5,REC,EM REPARO,WILLIAM,59.0
2026-07-10,3040263574,066-1072-04,"RECEIVER,RADIO",BABE,REC,EM REPARO,WILLIAM,59.0
2026-07-10,3040263576,066-1072-04,"RECEIVER,RADIO",BAMN,REC,DEVOLVIDO NO ESTADO,WILLIAM,59.0
2026-07-10,3040263575,066-1072-04,"RECEIVER,RADIO",BABE,REC,EM REPARO,WILLIAM,59.0
2026-07-10,3040263573,066-3084-32,IND RDR 2000 IN-182A,PAMALS,REC,,BABR,59.0
2026-07-10,3040263571,066-3084-32,IND RDR 2000 IN-182A,PAMALS,REC,EM REPARO,WILLIAM,59.0
2026-07-10,3040263572,066-3084-32,IND RDR 2000 IN-182A,PAMALS,REC,EM REPARO,WILLIAM,59.0
2026-07-10,3040263448,2618510-10,ALTERNATOR CONTROL UNIT ASSY,BABE,REC,EM REPARO,WILLIAM,59.0
2026-07-10,3040263449,2618510-10,ALTERNATOR CONTROL UNIT ASSY,PAMALS,REC,EM REPARO,WILLIAM,59.0
2026-07-10,3040263877,2641011-5,AXLE-MAIN GEAR,CLA,REC,EM REPARO,LEAP,49.0
2026-07-10,3040263878,2641011-5,AXLE-MAIN GEAR,CLA,REC,EM REPARO,LEAP,49.0
2026-07-10,3040264243,069-01033-0101,"RECEIVER-TRANSMITTER,RADIO",PAMALS,REC,EM REPARO,WILLIAM,42.0
2026-07-10,3040264244,069-01033-0101,"RECEIVER-TRANSMITTER,RADIO",PAMASP,REC,EM REPARO,WILLIAM,42.0
2026-07-10,3040264246,060-0017-00,FLIGHT DIR HOR,PAMALS,REC,EM REPARO,WILLIAM,42.0
2026-07-10,3040264237,200SGL119Q-2,STARTER GENERATOR,BAMN,REC,EM REPARO,AV AERONAUTICA,42.0
2026-07-10,3040264236,200SGL119Q-2,STARTER GENERATOR,BABE,REC,,BABE,42.0
2026-07-10,3040264121,3244897-4,FUEL CONTROL UNIT,BABE,REC,EM REPARO,LEAP,42.0
2026-07-10,3040264263,9910338-8,"INDICATOR,FUEL FLOW",PAMALS,OS concluída,,BABR,
2026-07-10,3040264262,9910338-8,"INDICATOR,FUEL FLOW",BABV,REC,EM REPARO,WILLIAM,42.0
2026-07-10,3040264242,324843-2020,HEADSET-MICROPHONE,BABE,REC,EM REPARO,WILLIAM,42.0
2026-07-10,3040264264,324843-2020,HEADSET-MICROPHONE,DACTA II,REC,EM REPARO,WILLIAM,42.0
2026-07-10,3040264238,324843-2020,HEADSET-MICROPHONE,DACTA II,REC,EM REPARO,WILLIAM,42.0
2026-07-10,3040264241,324843-2020,HEADSET-MICROPHONE,DACTA II,REC,EM REPARO,WILLIAM,42.0
2026-07-10,3040264240,324843-2020,HEADSET-MICROPHONE,DACTA II,REC,EM REPARO,WILLIAM,42.0
2026-07-10,3040264122,3244809-8,"FUEL CONTROL,MAIN,TURBINE ENGINE",BABE,OS concluída,,BABR,
2026-07-10,3040263797,066-3046-07,"CONTROL,INDICATOR",BABE,REC,EM REPARO,WILLIAM,42.0
2026-07-10,3040263798,066-3046-07,"CONTROL,INDICATOR",PAMASP,REC,EM REPARO,WILLIAM,42.0
2026-07-10,3040263799,066-3046-07,"CONTROL,INDICATOR",PAMASP,REC,EM REPARO,WILLIAM,42.0
2026-07-10,3040263795,071-01519-0101,"RECEIVER-EXCITER,RADAR",PAMALS,REC,,PROCURANDO,42.0
2026-07-10,3040263796,071-01519-0101,"RECEIVER-EXCITER,RADAR",PAMALS,REC,,PROCURANDO,42.0
2026-07-10,3040264579,060-0017-00,FLIGHT DIR HOR,BABR,REC,,,30.0
2026-07-10,3040264577,060-0017-00,FLIGHT DIR HOR,PAMALS,REC,,,30.0
2026-07-10,3040264573,060-0017-00,FLIGHT DIR HOR,BANT,REC,,,30.0
2026-07-10,3040264574,060-0017-00,FLIGHT DIR HOR,BANT,REC,,,30.0
2026-07-10,3040264576,060-0017-00,FLIGHT DIR HOR,PAMALS,REC,,,30.0
2026-07-10,3040264572,060-0017-00,FLIGHT DIR HOR,PAMASP,REC,,,30.0
2026-07-10,3040264647,1H75-21,PRESSURE REGULATOR,BAMN,REC,,,25.0
2026-07-10,3040264646,1H75-21,PRESSURE REGULATOR,PAMASP,REC,,,25.0
2026-07-10,3040264645,1H75-21,PRESSURE REGULATOR,PAMASP,REC,,,25.0
2026-07-10,3040264643,1H75-21,PRESSURE REGULATOR,PAMASP,REC,,,25.0
2026-07-10,3040264707,3244809-7,"FUEL CONTROL,MAIN,TURBINE ENGINE",BABE,REC,,,25.0
2026-07-10,3040264709,540-1407-4,"VALVE,BLEED,TURBINEENGINE",PAMASP,REC,,,25.0
2026-07-10,3040264710,200SGL153Q,"STARTER-GENERATOR,ENGINE,AIRCRAFT",CLA,REC,,,25.0
2026-07-10,3040264711,200SGL153Q,"STARTER-GENERATOR,ENGINE,AIRCRAFT",PAMASP,REC,,,25.0
2026-07-10,3040264712,200SGL153Q,"STARTER-GENERATOR,ENGINE,AIRCRAFT",BACG,REC,,,25.0
2026-07-10,3040264718,9910338-8,"INDICATOR,FUEL FLOW",PAMALS,REC,,,25.0
2026-07-10,3040264719,S3326-2,"INDICATOR,HORIZONTAL SITUATION",ALA 8,REC,,,25.0
2026-07-10,3040264720,S3326-2,"INDICATOR,HORIZONTAL SITUATION",PAMALS,REC,,,25.0
2026-07-10,3040264721,S3326-2,"INDICATOR,HORIZONTAL SITUATION",PAMASP,REC,,,25.0
2026-07-10,3040264724,2606013-1AM,INDICADOR PERCENTUAL RPM,BABV,REC,,,25.0
2026-07-10,3040264725,2606013-1AM,INDICADOR PERCENTUAL RPM,BABR,REC,,,25.0
2026-07-10,3040264726,2606015-4,INDICATOR-OIL TEMP/OIL PRESS,BANT,REC,,,25.0
2026-07-10,3040264727,C661051-0201,GYRO HORIZON,ALA 10,REC,,,25.0
2026-07-10,3040264728,504-0111-906,GYRO HORIZON,PAMALS,REC,,,25.0
2026-07-10,3040264729,504-0111-906,GYRO HORIZON,BACG,REC,,,25.0
2026-07-10,3040264730,8210-003,"GOVERNOR,FUEL CONTROL",PAMASP,REC,,,25.0
2026-07-10,3040264731,8210-002,"GOVERNOR,CONSTANT SPEED DRIVE",PAMASP,REC,,,25.0
2026-07-10,3040264732,8210-002,"GOVERNOR,CONSTANT SPEED DRIVE",BAMN,REC,,,25.0
2026-07-10,3040264733,030-18200,MAIN WHEEL BRAKE,BAMN,REC,,,25.0
2026-07-10,3040264734,030-18200,MAIN WHEEL BRAKE,BAMN,REC,,,25.0
2026-07-10,3040264735,161-11700,INNER WHEEL HALF ASSY,PAMALS,REC,,,25.0
2026-07-10,3040264736,161-12800,WHEEL HALF ASSY-INNER,BABR,REC,,,25.0
2026-07-10,3040264737,161-12800,WHEEL HALF ASSY-INNER,PAMALS,AUT,,,25.0
2026-07-10,3040264738,162-10700,OUTER WHEEL HALF ASSY,BACO,AUT,,,25.0
2026-07-10,3040264807,011-01105-01,INTEGRATED AVIONICS UNIT GIA63W,ALA 8,REC,,,17.0
2026-07-10,3040264808,011-01105-01,INTEGRATED AVIONICS UNIT GIA63W,BAMN,REC,,,17.0
2026-07-10,3040264907,011-00916-10,"DISPLAY UNIT,FLIGHT INFORMATION",BAMN,REC,,,10.0
2026-07-10,3040264908,011-00916-10,"DISPLAY UNIT,FLIGHT INFORMATION",BABV,REC,,,10.0
2026-07-11,3040249831,066-01141-5101,"RECEIVER-TRANSMITTER,RADIO (KT71)",PAMALS,REC,EM REPARO,LEAP,516.0
2026-07-11,3040250248,452-0133,"BATTERY,NONRECHARGEABLE",BABR,REC,CONDENADO,VEE ONE,500.0
2026-07-11,3040250249,452-0133,"BATTERY,NONRECHARGEABLE",BAMN,REC,CONDENADO,VEE ONE,500.0
2026-07-11,3040250234,3034792,BOMBA DE COMBUSTÍVEL,PAMALS,REC,,BANT,500.0
2026-07-11,3040250816,453-5060,"BEACON,DISTRESS",BAMN,REC,,PAMA-LS,478.0
2026-07-11,3040250830,799-1,TRANSDUCER,BACO,REC,,BANT,478.0
2026-07-11,3040250829,51539-012N,CONTROL UNIT ASSY-GENERATOR,BAMN,OS concluída,,,
2026-07-11,3040250828,51539-012N,CONTROL UNIT ASSY-GENERATOR,BACG,REC,,BABR,478.0
2026-07-11,3040250827,51539-012N,CONTROL UNIT ASSY-GENERATOR,BANT,REC,,BABR,478.0
2026-07-11,3040250831,799-1,TRANSDUCER,BANT,REC,,BANT,478.0
2026-07-11,3040250833,9910586-4,FLAP ACTUATOR AND MOTOR ASSEMBLY,ALA 3,REC,,BAMN,478.0
2026-07-11,3040250834,9910586-4,FLAP ACTUATOR AND MOTOR ASSEMBLY,ALA 3,OS concluída,CONDENADO,,
2026-07-11,3040250832,9910338-4,FUEL TOTALIZER INDICATOR,EEAR,REC,,PAMA-LS,478.0
2026-07-11,3040250835,ASG12000-2,ALTERNATOR,ALA 5,REC,REPARADO,V1 PAMA-LS,478.0
2026-07-11,3040250841,C661030-0301,TURN BANK,PAMALS,REC,EM REPARO,LEAP,478.0
2026-07-11,3040250842,C662041-0102,INDICATOR FUEL,ALA 5,REC,,PAMA-LS,478.0
2026-07-11,3040250844,C662041-0102,INDICATOR FUEL,ALA 9,REC,,PAMA-LS,478.0
2026-07-11,3040250843,C662041-0102,INDICATOR FUEL,ALA 10,OS concluída,REPARADO,,
2026-07-11,3040250719,060-0017-00,FLIGHT DIR HOR,PAMALS,REC,,BANT,478.0
2026-07-11,3040250720,060-0017-00,FLIGHT DIR HOR,BABV,OS concluída,REPARADO,,
2026-07-11,3040250722,066-01141-5101,"RECEIVER-TRANSMITTER,RADIO (KT71)",ALA 9,REC,EM REPARO,WILLIAM,478.0
2026-07-11,3040250723,066-01141-5101,"RECEIVER-TRANSMITTER,RADIO (KT71)",CLA,REC,,BABR,478.0
2026-07-11,3040250721,060-0017-00,FLIGHT DIR HOR,BANT,OS concluída,REPARADO,,
2026-07-11,3040250725,066-3046-07,"CONTROL,INDICATOR",ALA 10,OS concluída,REPARADO,,
2026-07-11,3040250724,066-04035-1101,"DISPLAY UNIT,RADAR",PAMALS,REC,,BANT,478.0
2026-07-11,3040250732,069-1025-25,"RECEIVER-TRANSMITTER,RADIO - KX165",PAMALS,REC,EM REPARO,WILLIAM,478.0
2026-07-11,3040250782,2606012-1,INDICATOR-INTER-TURBINE TEMPERATURE,ALA 9,OS concluída,,,
2026-07-11,3040250775,161-11700,INNER WHEEL HALF ASSY,BABE,OS concluída,CONDENADO,,
2026-07-11,3040250773,161-11700,INNER WHEEL HALF ASSY,EEAR,REC,,BACG,478.0
2026-07-11,3040250718,030-18200,MAIN WHEEL BRAKE,BACO,OS concluída,REPARADO,,
2026-07-11,3040250716,030-18200,MAIN WHEEL BRAKE,BABV,REC,EM REPARO,LEAP,478.0
2026-07-11,3040250717,030-18200,MAIN WHEEL BRAKE,BACO,OS concluída,REPARADO,,
2026-07-11,3040250780,162-11800,WHEEL HALF ASSY-OUTER,PAMALS,OS concluída,,,
2026-07-11,3040250781,162-11800,WHEEL HALF ASSY-OUTER,BACG,OS concluída,,,
2026-07-11,3040250778,161-12800,WHEEL HALF ASSY-INNER,BACG,OS concluída,REPARADO,,
2026-07-11,3040250776,161-12800,WHEEL HALF ASSY-INNER,BABE,OS concluída,CONDENADO,,
2026-07-11,3040250790,2643031-7,"FORK ASSY,NOSE GEAR SPRING",BAMN,OS concluída,CONDENADO,,
2026-07-11,3040250791,2643090-1,SHIMMY DAMPENE,BANT,REC,EM REPARO,AV AERONAUTICA,478.0
2026-07-11,3040250792,2643090-1,SHIMMY DAMPENE,BAMN,REC,REPARADO,V1 PAMA-LS,478.0
2026-07-11,3040250789,2641012-14,TRUNNION ASSY-RH-MAIN GEAR,PAMASP,OS concluída,CONDENADO,,
2026-07-11,3040250793,2643099-4,"SUPPORT ASSY FOWARD, NLG SPRING",BAMN,OS concluída,CONDENADO,,
2026-07-11,3040250798,30994-001,BATTERY-MARATHON TSP410 NICAD,BANT,OS concluída,CONDENADO,AMA - VEE ONE,
2026-07-11,3040252191,C611008-0101,ALTERNATOR CONTROL UNIT,PAMALS,REC,,BABR,445.0
2026-07-11,3040252159,011-00916-00,DISPLAY UNIT GDU 1040A,BAMN,REC,,BAMN,445.0
2026-07-11,3040252161,065-0042-03,COMPUTER PA,ALA 10,REC,EM REPARO,WILLIAM,445.0
2026-07-11,3040252162,065-0042-03,COMPUTER PA,EEAR,REC,,BABE,445.0
2026-07-11,3040252164,065-0042-03,COMPUTER PA,EEAR,REC,EM REPARO,WILLIAM,445.0
2026-07-11,3040252165,065-0042-03,COMPUTER PA,PAMALS,OS concluída,,,
2026-07-11,3040252166,065-0059-01,SERVO PITCH,EEAR,REC,EM REPARO,WILLIAM,445.0
2026-07-11,3040252168,066-03064-0005,"ALTIMETER,SERVO CONTROLLED,AUTOMATIC PRESSURE",ALA 9,OS concluída,REPARADO,,
2026-07-11,3040252173,066-03064-0005,"ALTIMETER,SERVO CONTROLLED,AUTOMATIC PRESSURE",BANT,REC,EM REPARO,LEAP,445.0
2026-07-11,3040252172,066-03064-0005,"ALTIMETER,SERVO CONTROLLED,AUTOMATIC PRESSURE",PAMALS,REC,NO ESTADO,VEE ONE,445.0
2026-07-11,3040252170,066-03064-0005,"ALTIMETER,SERVO CONTROLLED,AUTOMATIC PRESSURE",ALA 7,REC,NO ESTADO,VEE ONE,445.0
2026-07-11,3040252178,066-1072-00,RECEIVER ADF (KING KR87),PAMALS,OS concluída,,,
2026-07-11,3040252182,066-1072-04,"RECEIVER,RADIO",ALA 9,OS concluída,REPARADO,,
2026-07-11,3040252181,066-1072-04,"RECEIVER,RADIO",PAMASP,REC,EM REPARO,WILLIAM,445.0
2026-07-11,3040252180,066-1072-04,"RECEIVER,RADIO",ALA 8,OS concluída,,,
2026-07-11,3040252185,066-1072-04,"RECEIVER,RADIO",BAMN,OS concluída,REPARADO,,
2026-07-11,3040252189,9910338-6,"TRANSMITTER,RATE OF FLOW",ALA 8,OS concluída,REPARADO,,
2026-07-11,3040252190,9910338-6,"TRANSMITTER,RATE OF FLOW",BABR,OS concluída,,,
2026-07-11,3040252160,011-01020-10,AFCS MODE CONTROLLER GMC 710,BAMN,OS concluída,,,
2026-07-11,3040252939,C163030-1001,MAIN W BRAKE A,BABV,REC,,BAMN,415.0
2026-07-11,3040252936,030-18200,MAIN WHEEL BRAKE,BACO,REC,,PAMA-LS,415.0
2026-07-11,3040252935,030-18200,MAIN WHEEL BRAKE,BAMN,OS concluída,CONDENADO,,
2026-07-11,3040252940,30-182,MAIN WHEEL BRAKE,BABV,OS concluída,CONDENADO,,
2026-07-11,3040252942,30-182,MAIN WHEEL BRAKE,BAMN,OS concluída,REPARADO,,
2026-07-11,3040252943,30-182,MAIN WHEEL BRAKE,BAMN,OS concluída,REPARADO,,
2026-07-11,3040253170,161-12800,WHEEL HALF ASSY-INNER,BASM,OS concluída,CONDENADO,,
2026-07-11,3040253168,161-12800,WHEEL HALF ASSY-INNER,BASM,REC,REPARADO,VEE ONE,411.0
2026-07-11,3040253172,161-12800,WHEEL HALF ASSY-INNER,PAMALS,REC,,PROCURANDO,411.0
2026-07-11,3040253174,161-12800,WHEEL HALF ASSY-INNER,PAMALS,OS concluída,CONDENADO,,
2026-07-11,3040253173,161-12800,WHEEL HALF ASSY-INNER,PAMALS,REC,EM REPARO,LEAP,411.0
2026-07-11,3040253176,162-10700,OUTER WHEEL HALF ASSY,BABE,OS concluída,CONDENADO,,
2026-07-11,3040253177,162-10700,OUTER WHEEL HALF ASSY,BABV,REC,REPARADO,VEE ONE,411.0
2026-07-11,3040253178,162-10700,OUTER WHEEL HALF ASSY,PAMALS,REC,,PROCURANDO,411.0
2026-07-11,3040253179,162-11800,WHEEL HALF ASSY-OUTER,CLA,OS concluída,CONDENADO,,
2026-07-11,3040253181,162-11800,WHEEL HALF ASSY-OUTER,PAMALS,OS concluída,REPARADO,,
2026-07-11,3040253180,162-11800,WHEEL HALF ASSY-OUTER,BASM,REC,,PROCURANDO,411.0
2026-07-11,3040253182,162-11800,WHEEL HALF ASSY-OUTER,PAMALS,REC,REPARADO,VEE ONE,411.0
2026-07-11,3040253536,2641012-14,TRUNNION ASSY-RH-MAIN GEAR,PAMALS,OS concluída,CONDENADO,,
2026-07-11,3040253529,066-03064-0005,"ALTIMETER,SERVO CONTROLLED,AUTOMATIC PRESSURE",DSM-MN,REC,DEVOLVIDO NO ESTADO,WILLIAM,401.0
2026-07-11,3040253528,066-03064-0005,"ALTIMETER,SERVO CONTROLLED,AUTOMATIC PRESSURE",BANT,OS concluída,REPARADO,,
2026-07-11,3040253532,799-1,TRANSDUCER,PAMALS,REC,,BANT,401.0
2026-07-11,3040253535,2643099-4,"SUPPORT ASSY FOWARD, NLG SPRING",BABE,REC,CONDENADO,VEE ONE,401.0
2026-07-11,3040253531,799-1,TRANSDUCER,BAMN,REC,,VEE ONE,401.0
2026-07-11,3040253530,799-1,TRANSDUCER,BAMN,REC,,BANT,401.0
2026-07-11,3040253526,30994-001,BATTERY-MARATHON TSP410 NICAD,PAMALS,OS concluída,CONDENADO,AMA - VEE ONE,
2026-07-11,3040253527,30994-001,BATTERY-MARATHON TSP410 NICAD,BAPV,OS concluída,CONDENADO,AMA - VEE ONE,
2026-07-11,3040254195,540-1407-4,"VALVE,BLEED,TURBINEENGINE",PAMALS,REC,,BANT,383.0
2026-07-11,3040254201,2643090-3,SHIMMY DAMPER-NOSE GEAR,PAMALS,REC,REPARADO,V1 PAMA-LS,383.0
2026-07-11,3040254203,SE1070-6,SHIMMY DAMPENER ASSY,BACGINAT,OS concluída,,,
2026-07-11,3040254205,C660501-0103,"COMPASS,SPEC",PAMALS,REC,REPARADO,V1 PAMA-LS,383.0
2026-07-11,3040254206,C660501-0103,"COMPASS,SPEC",ALA 8,REC,EM REPARO EM GARANTIA,WILLIAM,383.0
2026-07-11,3040254208,C660501-0103,"COMPASS,SPEC",BABV,REC,REPARADO,V1 PAMA-LS,383.0
2026-07-11,3040254210,799-1,TRANSDUCER,BANT,REC,,BANT,383.0
2026-07-11,3040254792,2606013-1RX,INDICATOR-PERCENT RPM,BABR,REC,,BANT,374.0
2026-07-11,3040254770,069-1025-25,"RECEIVER-TRANSMITTER,RADIO - KX165",ALA 9,REC,EM REPARO,WILLIAM,374.0
2026-07-11,3040254799,453-5000-710,EMERGENCY LOCATOR TRANSMITTER MODEL C406-2,PAMASP,OS concluída,,,
2026-07-11,3040254806,C352TS,"EXTINGUISHER,FIRE",PAMALS,REC,REPARADO,V1 PAMA-LS,374.0
2026-07-11,3040254805,C352TS,"EXTINGUISHER,FIRE",PAMALS,OS concluída,,,
2026-07-11,3040254810,C352TS,"EXTINGUISHER,FIRE",PAMALS,OS concluída,,,
2026-07-11,3040254809,C352TS,"EXTINGUISHER,FIRE",PAMAGL,OS concluída,,,
2026-07-11,3040254803,C352TS,"EXTINGUISHER,FIRE",2 ETA,REC,REPARADO,V1 PAMA-LS,374.0
2026-07-11,3040254808,C352TS,"EXTINGUISHER,FIRE",BABR,REC,REPARADO,V1 PAMA-LS,374.0
2026-07-11,3040254795,D145-00-46-2,FLAP ACTUATOR ASSY,BABE,REC,,PAMA-LS,374.0
2026-07-11,3040254793,D145-00-46-2,FLAP ACTUATOR ASSY,PAMALS,REC,,PAMA-LS,374.0
2026-07-11,3040254815,C482001-0402,VACUUM REGULAT,PAMALS,REC,CONDENADO,VEE ONE,374.0
2026-07-11,3040254816,C482001-0402,VACUUM REGULAT,PAMALS,REC,CONDENADO,VEE ONE,374.0
2026-07-11,3040254820,2641011-5,AXLE-MAIN GEAR,BAMN,OS concluída,REPARADO,,
2026-07-11,3040254817,2641011-5,AXLE-MAIN GEAR,BABE,OS concluída,NO ESTADO,,
2026-07-11,3040254818,2641011-5,AXLE-MAIN GEAR,BABE,OS concluída,,,
2026-07-11,3040254819,2641011-5,AXLE-MAIN GEAR,BANT,OS concluída,REPARADO,,
2026-07-11,3040254796,30994-001,BATTERY-MARATHON TSP410 NICAD,BAMN,OS concluída,REPARADO,,
2026-07-11,3040254789,452-0133,"BATTERY,NONRECHARGEABLE",BAMN,REC,CONDENADO,VEE ONE,374.0
2026-07-11,3040254788,452-0133,"BATTERY,NONRECHARGEABLE",BAMN,REC,CONDENADO,VEE ONE,374.0
2026-07-11,3040254787,452-0133,"BATTERY PACK,AIRCRAFT",DACTA II,REC,CONDENADO,VEE ONE,374.0
2026-07-11,3040254786,452-0133,"BATTERY PACK,AIRCRAFT",BAMN,REC,CONDENADO,VEE ONE,374.0
2026-07-11,3040254785,452-0133,"BATTERY,NONRECHARGEABLE",BAMN,REC,CONDENADO,VEE ONE,374.0
2026-07-11,3040254784,452-0133,"BATTERY,NONRECHARGEABLE",DACTA II,REC,CONDENADO,VEE ONE,374.0
2026-07-11,3040255326,011-00916-00,DISPLAY UNIT GDU 1040A,BAMN,REC,,BAMN,365.0
2026-07-11,3040255319,702801-5,FUEL PUMP,PAMASP,REC,EM REPARO,VEE ONE,365.0
2026-07-11,3040255321,8210-002,"GOVERNOR,CONSTANT SPEED DRIVE",PAMALS,OS concluída,,,
2026-07-11,3040255461,DAAS-A-010-1,ADAS-D PROCESSOR,PAMALS,REC,EM REPARO,VEE ONE,361.0
2026-07-11,3040255589,071-01519-0101,"RECEIVER-EXCITER,RADAR",BANT,REC,,PROCURANDO,359.0
2026-07-11,3040255590,071-01519-0101,"RECEIVER-EXCITER,RADAR",PAMALS,OS concluída,REPARADO,,
2026-07-11,3040255706,C661064-0237,AIRSPEED INDICATOR,BAMN,OS concluída,,,
2026-07-11,3040256114,5934PAD-3,"ALTIMETER,PRESSURE",PAMALS,REC,EM REPARO,VEE ONE,345.0
2026-07-11,3040256119,011-00878-10,GSA-81 TORQUE SERVO,BAPV,REC,EM REPARO,LEAP,345.0
2026-07-11,3040256112,011-00883-20,RADAR GWX 68 WEATHER,BABE,REC,,BAMN,345.0
2026-07-11,3040256115,5934PAD-3,"ALTIMETER,PRESSURE",PAMALS,OS concluída,REPARADO,,
2026-07-11,3040256118,011-00878-10,GSA-81 TORQUE SERVO,BAPV,REC,,BACO,345.0
2026-07-11,3040256120,011-00916-10,"DISPLAY UNIT,FLIGHT INFORMATION",BAMN,OS concluída,,,
2026-07-11,3040256314,066-4010-12,RECEIVER VOR/LOC (KNS81),EEAR,REC,EM REPARO,LEAP,332.0
2026-07-11,3040256311,3121248-03,"VALVE ASSEMBLY,COMPRESSOR BLEED",PAMALS,OS concluída,,,
2026-07-11,3040256704,C661064-0237,AIRSPEED INDICATOR,PAMALS,OS concluída,,,
2026-07-11,3040256707,D210507,"GOVERNOR,OVERSPEED",PAMALS,OS concluída,,,
2026-07-11,3040256708,D210507,"GOVERNOR,OVERSPEED",PAMALS,REC,REPARADO,VEE ONE,323.0
2026-07-11,3040256702,C661064-0237,AIRSPEED INDICATOR,BABR,OS concluída,,,
2026-07-11,3040256703,C661064-0237,AIRSPEED INDICATOR,PAMALS,OS concluída,REPARADO,,
2026-07-11,3040256662,030-18200,MAIN WHEEL BRAKE,BASM,OS concluída,,,
2026-07-11,3040256665,161-11700,INNER WHEEL HALF ASSY,BABV,OS concluída,,,
2026-07-11,3040256666,161-11700,INNER WHEEL HALF ASSY,PAMALS,OS concluída,,,
2026-07-11,3040256667,161-11700,INNER WHEEL HALF ASSY,PAMALS,OS concluída,,,
2026-07-11,3040256668,161-11700,INNER WHEEL HALF ASSY,PAMALS,OS concluída,CONDENADO,,
2026-07-11,3040256669,161-11700,INNER WHEEL HALF ASSY,PAMALS,OS concluída,,,
2026-07-11,3040256670,161-11700,INNER WHEEL HALF ASSY,PAMALS,OS concluída,CONDENADO,,
2026-07-11,3040256671,161-11700,INNER WHEEL HALF ASSY,PAMALS,REC,REPARADO,VEE ONE,323.0
2026-07-11,3040256698,030-18200,MAIN WHEEL BRAKE,PAMASP,REC,,PROCURANDO,323.0
2026-07-11,3040256713,030-18200,MAIN WHEEL BRAKE,ALA 3,REC,,BAMN,323.0
2026-07-11,3040256694,162-11800,WHEEL HALF ASSY-OUTER,BANT,OS concluída,REPARADO,,
2026-07-11,3040256696,162-11800,WHEEL HALF ASSY-OUTER,PAMALS,REC,,PAMA-LS,323.0
2026-07-11,3040256672,161-12800,WHEEL HALF ASSY-INNER,PAMALS,REC,REPARADO,VEE ONE,323.0
2026-07-11,3040256675,161-12800,WHEEL HALF ASSY-INNER,BANT,OS concluída,REPARADO,,
2026-07-11,3040256792,011-00877-00,"GSA-80 SERVO ROL,YAW,SPEC",BAMN,REC,,PROCURANDO,323.0
2026-07-11,3040256787,011-00877-00,"GSA-80 SERVO ROL,YAW,SPEC",PAMALS,REC,EM REPARO,VEE ONE,323.0
2026-07-11,3040256828,011-00883-20,RADAR GWX 68 WEATHER,PAMALS,REC,CONDENADO,V1 PAMA-LS,323.0
2026-07-11,3040256709,3121248-03,"VALVE ASSEMBLY,COMPRESSOR BLEED",PAMASP,REC,,BANT,320.0
2026-07-11,3040256673,161-12800,WHEEL HALF ASSY-INNER,PAMALS,REC,CONDENADO,VEE ONE,320.0
2026-07-11,3040257095,011-01105-01,INTEGRATED AVIONICS UNIT GIA63W,BABE,REC,EM REPARO,VEE ONE,316.0
2026-07-11,3040257096,011-01105-01,INTEGRATED AVIONICS UNIT GIA63W,BABE,REC,,BAMN,316.0
2026-07-11,3040257093,065-00183-0501,AUTOPILOT COMPUTER KFC225,BABE,REC,,BANT,316.0
2026-07-11,3040257094,065-00183-0501,AUTOPILOT COMPUTER KFC225,BABE,REC,,BANT,316.0
2026-07-11,3040257443,161-12800,WHEEL HALF ASSY-INNER,ALA 3,AUT,,NÃO TEVE MOVIMENTAÇÃO,304.0
2026-07-11,3040257442,C163030-1001,MAIN W BRAKE A,BAMN,REC,REPARADO,VEE ONE,297.0
2026-07-11,3040257452,3244809-8,"FUEL CONTROL,MAIN,TURBINE ENGINE",BAPV,OS concluída,REPARADO,,
2026-07-11,3040257454,EA-5172-45-CES,"INDICATOR,AIRSPEED",BACG,OS concluída,,,
2026-07-11,3040257453,EA-5172-45-CES,"INDICATOR,AIRSPEED",ALA 7,REC,DEVOLVIDO NO ESTADO,WILLIAM,297.0
2026-07-11,3040257451,3244809-7,"FUEL CONTROL,MAIN,TURBINE ENGINE",PAMASP,REC,,BANT,297.0
2026-07-11,3040257450,3244809-4,"FUEL CONTROL,MAIN,TURBINE ENGINE",PAMASP,OS concluída,EM REPARO,LEAP,
2026-07-11,3040257438,030-18200,MAIN WHEEL BRAKE,BAMN,REC,REPARADO,VEE ONE,297.0
2026-07-11,3040257444,162-10700,OUTER WHEEL HALF ASSY,PAMALS,OS concluída,CONDENADO,,
2026-07-11,3040257447,162-10700,OUTER WHEEL HALF ASSY,PAMALS,OS concluída,CONDENADO,,
2026-07-11,3040257436,30994-001,BATTERY-MARATHON TSP410 NICAD,PAMALS,OS concluída,CONDENADO,AMA - VEE ONE,
2026-07-11,3040257441,030-18200,MAIN WHEEL BRAKE,BAPV,REC,,BAMN,297.0
2026-07-11,3040257440,030-18200,MAIN WHEEL BRAKE,BANT,REC,CONDENADO,VEE ONE,297.0
2026-07-11,3040257439,030-18200,MAIN WHEEL BRAKE,BAMN,REC,,BAMN,297.0
2026-07-11,3040258306,D210507,"GOVERNOR,OVERSPEED",PAMALS,REC,EM REPARO,LEAP,277.0
2026-07-11,3040258310,D210507,"GOVERNOR,OVERSPEED",BACO,OS concluída,,,
2026-07-11,3040258309,D210507,"GOVERNOR,OVERSPEED",BAMN,REC,EM REPARO,LEAP,277.0
2026-07-11,3040258308,D210507,"GOVERNOR,OVERSPEED",BAMN,OS concluída,REPARADO,,
2026-07-11,3040258307,D210507,"GOVERNOR,OVERSPEED",ALA 5,OS concluída,,,
2026-07-11,3040258303,011-00877-00,"GSA-80 SERVO ROL,YAW,SPEC",DACTA II,REC,EM REPARO,VEE ONE,277.0
2026-07-11,3040258422,2601188-8,COMPRESSOR DRIVE ASSY R134A,PAMASP,REC,,PROCURANDO,275.0
2026-07-11,3040258419,011-00877-00,"GSA-80 SERVO ROL,YAW,SPEC",DACTA II,REC,EM REPARO,VEE ONE,275.0
2026-07-11,3040258420,011-00877-00,"GSA-80 SERVO ROL,YAW,SPEC",BACO,REC,EM REPARO,VEE ONE,275.0
2026-07-11,3040258421,011-00877-00,"GSA-80 SERVO ROL,YAW,SPEC",BABE,REC,,BACO,275.0
2026-07-11,3040258764,069-01034-0102,"NAVIGATION SET,SATELLITE SIGNALS KLN-94",PAMALS,REC,,BANT,268.0
2026-07-11,3040259152,066-01141-5101,"TRANSPONDER,RADAR",BABE,REC,,BANT,249.0
2026-07-11,3040259151,066-01141-5101,"TRANSPONDER,RADAR",BANT,REC,REPARADO,V1 PAMA-LS,249.0
2026-07-11,3040259251,064-1019-05,VHF TRANSCEIVE KY196,EEAR,REC,,EEAR,247.0
2026-07-11,3040259146,1U149-015-15,HORIZ. GYRO-STADBY,PAMALS,REC,EM REPARO,VEE ONE,246.0
2026-07-11,3040259147,162-10700,OUTER WHEEL HALF ASSY,BANT,REC,EM REPARO,AMA - VEE ONE,246.0
2026-07-11,3040259148,3049038-03,"VALVE,COMPRESSOR BLEED",BANT,OS concluída,,,
2026-07-11,3040259316,2606015-4,INDICATOR-OIL TEMP/OIL PRESS,BACG,REC,REPARADO,V1 PAMA-LS,243.0
2026-07-11,3040259564,C414007-0102,BLOWER ASSY,PAMALS,OS concluída,,,
2026-07-11,3040259568,C414007-0102,BLOWER ASSY,ALA 10,OS concluída,,,
2026-07-11,3040259570,C414007-0102,BLOWER ASSY,ALA 10,OS concluída,,,
2026-07-11,3040259694,025323-150,FUEL PUMP,PAMASP,REC,,BACO,235.0
2026-07-11,3040259922,C414007-0102,BLOWER ASSY,BANT,REC,REPARADO,V1 PAMA-LS,228.0
2026-07-11,3040259928,C414007-0102,BLOWER ASSY,PAMALS,REC,EM REPARO,VEE ONE,228.0
2026-07-11,3040259924,C414007-0102,BLOWER ASSY,BACG,REC,EM REPARO,VEE ONE,228.0
2026-07-11,3040259918,C414007-0102,BLOWER ASSY,ALA 10,REC,EM REPARO,VEE ONE,228.0
2026-07-11,3040259950,065-0060-01,"CONTROL,SERVO,AUTOMATIC PILOT",PAMALS,REC,EM REPARO,LEAP,228.0
2026-07-11,3040259949,065-0060-01,"CONTROL,SERVO,AUTOMATIC PILOT",PAMALS,REC,EM REPARO,LEAP,228.0
2026-07-11,3040259947,066-3046-07,"CONTROL,INDICATOR",EEAR,OS concluída,REPARADO,,
2026-07-11,3040259946,066-3046-07,"CONTROL,INDICATOR",BANT,REC,,BANT,228.0
2026-07-11,3040259944,066-3046-07,"CONTROL,INDICATOR",EEAR,REC,,PAMA-LS,228.0
2026-07-11,3040260209,011-00916-00,DISPLAY UNIT GDU 1040A,PAMALS,REC,,BAMN,214.0
2026-07-11,3040260208,324843-W020,HEADSET-MICROPHONE,PAMALS,REC,VAI SER DEVOLVIDO SEM REPARO,WILLIAM,214.0
2026-07-11,3040260204,324843-W020,HEADSET-MICROPHONE,PAMALS,OS concluída,REPARADO,,
2026-07-11,3040260205,324843-W020,HEADSET-MICROPHONE,PAMALS,OS concluída,REPARADO,,
2026-07-11,3040260388,SD5H14C4527,AIR COMPRESSOR,PAMALS,REC,EM REPARO,VEE ONE,207.0
2026-07-11,3040260382,065-00183-0501,AUTOPILOT COMPUTER KFC225,BANT,REC,,BANT,207.0
2026-07-11,3040260389,SD5H14C4527,AIR COMPRESSOR,PAMALS,REC,EM REPARO,VEE ONE,207.0
2026-07-11,3040260517,ASG12000-2,ALTERNATOR,PAMALS,OS concluída,,,
2026-07-11,3040260524,51539-012M,CONTROL UNIT ASSY-GENERATOR,BANT,REC,,BACG,204.0
2026-07-11,3040260516,ASG12000-2,ALTERNATOR,PAMALS,REC,REPARADO,V1 PAMA-LS,204.0
2026-07-11,3040260523,9910592-2,ALTERNADOR,BAMN,REC,REPARADO,V1 PAMA-LS,204.0
2026-07-11,3040260522,9910592-2,ALTERNADOR,BAMN,REC,REPARADO,V1 PAMA-LS,204.0
2026-07-11,3040260547,161-12800,WHEEL HALF ASSY-INNER,EPCAR,OS concluída,REPARADO,VEE ONE,
2026-07-11,3040260545,161-11700,INNER WHEEL HALF ASSY,BACG,REC,REPARADO,VEE ONE,186.0
2026-07-11,3040260544,161-11700,INNER WHEEL HALF ASSY,BANT,REC,REPARADO,VEE ONE,186.0
2026-07-11,3040260546,161-12800,WHEEL HALF ASSY-INNER,PAMALS,REC,REPARADO,VEE ONE,186.0
2026-07-11,3040260548,161-11700,INNER WHEEL HALF ASSY,CLA,REC,REPARADO,VEE ONE,186.0
2026-07-11,3040260549,162-10700,OUTER WHEEL HALF ASSY,BACG,REC,REPARADO,VEE ONE,186.0
2026-07-11,3040260550,162-10700,OUTER WHEEL HALF ASSY,CLA,REC,REPARADO,VEE ONE,186.0
2026-07-11,3040260551,162-11800,WHEEL HALF ASSY-OUTER,BANT,REC,REPARADO,VEE ONE,186.0
2026-07-11,3040260552,30994-001,BATTERY-MARATHON TSP410 NICAD,BABE,OS concluída,CONDENADO,AMA - VEE ONE,
2026-07-11,3040260543,324843-W020,HEADSET-MICROPHONE,PAMALS,REC,VAI SER DEVOLVIDO SEM REPARO,WILLIAM,186.0
2026-07-11,3040260542,324843-W020,HEADSET-MICROPHONE,PAMALS,REC,,BABE,186.0
2026-07-11,3040260541,324843-W020,HEADSET-MICROPHONE,PAMALS,OS concluída,REPARADO,,
2026-07-11,3040260540,324843-W020,HEADSET-MICROPHONE,PAMALS,OS concluída,REPARADO,,
2026-07-11,3040260538,324843-W020,HEADSET-MICROPHONE,PAMALS,REC,,BABE,186.0
2026-07-11,3040260539,324843-W020,HEADSET-MICROPHONE,PAMALS,REC,,BABE,186.0
2026-07-11,3040260595,9910586-4,FLAP ACTUATOR AND MOTOR ASSEMBLY,7 ETA,REC,,BAMN,186.0
2026-07-11,3040260597,9910586-4,FLAP ACTUATOR AND MOTOR ASSEMBLY,BAPV,REC,REPARADO,VEE ONE,186.0
2026-07-11,3040260583,3244897-4,FUEL CONTROL UNIT,PAMALS,OS concluída,,,
2026-07-11,3040260750,3122678-04,FUEL CONTROL UNIT,PAMASP,REC,,BANT,178.0
2026-07-11,3040260752,3244897-4,FUEL CONTROL UNIT,PAMASP,OS concluída,REPARADO,,
2026-07-11,3040260753,3244809-7,"FUEL CONTROL,MAIN,TURBINE ENGINE",PAMASP,OS concluída,REPARADO,,
2026-07-11,3040260754,3244809-1,"FUEL CONTROL,MAIN,TURBINE ENGINE",PAMASP,REC,EM QUARENTENA,LEAP,178.0
2026-07-11,3040254794,C145-350,"MOTOR,DIRECT CURRENT",PAMALS,OS concluída,,,
2026-07-11,3040260913,064-1054-30,RECEIVER-TRANSMITTER SUBASSEMBLY,EPCAR,REC,REPARADO,V1 PAMA-LS,166.0
2026-07-11,3040260915,064-1054-30,RECEIVER-TRANSMITTER SUBASSEMBLY,PAMALS,REC,REPARADO,V1 PAMA-LS,166.0
2026-07-11,3040260811,3034792,BOMBA DE COMBUSTÍVEL,BAPV,REC,,BABR,164.0
2026-07-11,3040260812,3034792,BOMBA DE COMBUSTÍVEL,BACG,OS concluída,,,
2026-07-11,3040260922,162-11800,WHEEL HALF ASSY-OUTER,PAMALS,OS concluída,,,
2026-07-11,3040260923,030-18200,MAIN WHEEL BRAKE,BACO,REC,REPARADO,VEE ONE,164.0
2026-07-11,3040261389,3034792,BOMBA DE COMBUSTÍVEL,PAMASP,REC,REPARADO,V1 PAMA-LS,151.0
2026-07-11,3040261388,3034792,BOMBA DE COMBUSTÍVEL,BABR,OS concluída,REPARADO,,
2026-07-11,3040261387,3034792,BOMBA DE COMBUSTÍVEL,BABR,OS concluída,REPARADO,,
2026-07-11,3040261371,TFF2905-13,FUEL FLOW TRANSDUCER,ALA 8,REC,EM REPARO,WILLIAM,151.0
2026-07-11,3040261375,C661065-0240RX,"INDICATOR, AIRSPEED",BACG,REC,EM REPARO,WILLIAM,151.0
2026-07-11,3040261373,C661065-0240,AIRSPEED INDICATOR,BABE,REC,REPARADO,V1 PAMA-LS,151.0
2026-07-11,3040261322,011-00831-00,"ENGINE INTERFA,SPEC",BAPV,REC,REPARADO,VEE ONE,151.0
2026-07-11,3040261326,011-00882-10,"COMPUTER,AIR DATA",BAMN,OS concluída,,,
2026-07-11,3040261324,011-00882-10,"COMPUTER,AIR DATA",BAMN,OS concluída,,,
2026-07-11,3040261327,064-1054-30,RECEIVER-TRANSMITTER SUBASSEMBLY,PAMASP,REC,REPARADO,V1 PAMA-LS,151.0
2026-07-11,3040261336,066-01141-0101,"RECEIVER,RADIO",BANT,REC,REPARADO,V1 PAMA-LS,151.0
2026-07-11,3040261334,065-0065-01,SELECTOR ALT,BANT,REC,EM REPARO,WILLIAM,151.0
2026-07-11,3040261331,065-0061-36,ACTUATOR TRIM (KS272A),PAMASP,REC,,BABR,151.0
2026-07-11,3040261329,065-0061-36,ACTUATOR TRIM (KS272A),ALA 10,OS concluída,REPARADO,,
2026-07-11,3040261335,065-0065-01,SELECTOR ALT,BANT,REC,EM REPARO,WILLIAM,151.0
2026-07-11,3040261342,066-3084-02,COLOR RADAR INDICATOR,BABV,REC,EM REPARO,WILLIAM,151.0
2026-07-11,3040261340,066-1053-00,"RECEIVER,RADIO",BASM,REC,REPARADO,V1 PAMA-LS,151.0
2026-07-11,3040261377,066-3054-01,INDICATOR RADAR ALTIMETER - TYPE KI250,PAMALS,REC,EM REPARO,WILLIAM,151.0
2026-07-11,3040261376,066-1061-03,RT RADAR ALTIM (KRA10A),PAMALS,REC,PARA REPARO,VEE ONE,151.0
2026-07-11,3040261352,1134380-4,EVAPORATOR MODULE ASSY-RH,BAMN,REC,CONDENADO,VEE ONE,151.0
2026-07-11,3040261347,071-1234-00,ANTENNA ACCESSORY,ALA 1,REC,EM REPARO,WILLIAM,151.0
2026-07-11,3040261344,066-4010-12,RECEIVER VOR/LOC (KNS81),ALA 10,REC,EM REPARO,WILLIAM,151.0
2026-07-11,3040261353,1H75-21,PRESSURE REGULATOR,BAMN,REC,,BAMN,151.0
2026-07-11,3040261357,2682001-1,BRAKE CYL MAST,BABE,OS concluída,REPARADO,,
2026-07-11,3040261356,2670104-2,ANNUNCIATOR PANEL,PAMALS,REC,REPARADO,VEE ONE,151.0
2026-07-11,3040261355,2643100-201,NOSE GEAR STRUT ASSY - TALL FORK,BABR,OS concluída,REPARADO,,
2026-07-11,3040261354,2643100-201,NOSE GEAR STRUT ASSY - TALL FORK,BANT,REC,EM REPARO,AV AERONAUTICA,151.0
2026-07-11,3040261364,8210-002-01,GOVERNOR PROPELLER,PAMASP,REC,REPARADO,VEE ONE,151.0
2026-07-11,3040261627,S3828-1,ALTIMETER,BAMN,REC,EM REPARO,WILLIAM,137.0
2026-07-11,3040261628,S3828-1,ALTIMETER,BABE,REC,REPARADO,V1 PAMA-LS,137.0
2026-07-11,3040261851,51539-012MRX,CONTROL UNIT ASSY-GENERATOR,BABE,REC,EM REPARO,VEE ONE,129.0
2026-07-11,3040261852,51539-012MRX,CONTROL UNIT ASSY-GENERATOR,BABE,REC,EM REPARO,VEE ONE,129.0
2026-07-11,3040261843,3034792,BOMBA DE COMBUSTÍVEL,PAMALS,REC,EM REPARO,VEE ONE,124.0
2026-07-11,3040262245,200SGL119Q-2,STARTER GENERATOR,BAMN,OS concluída,REPARADO,,
2026-07-11,3040262246,200SGL119Q-2,STARTER GENERATOR,BAMN,OS concluída,REPARADO,,
2026-07-11,3040262273,324843-W020,HEADSET-MICROPHONE,BABE,OS concluída,REPARADO,,
2026-07-11,3040262275,324843-W020,HEADSET-MICROPHONE,BANT,OS concluída,REPARADO,,
2026-07-11,3040262363,066-1055-00,AUDIO CONTROL PANEL,ALA 5,OS concluída,,,
2026-07-11,3040262367,066-1055-00,AUDIO CONTROL PANEL,ALA 9,REC,EM REPARO,WILLIAM,107.0
2026-07-11,3040262368,066-1055-00,AUDIO CONTROL PANEL,CLA,OS concluída,,,
2026-07-11,3040262372,51539-012M,CONTROL UNIT ASSY-GENERATOR,BANT,REC,,V1 PAMA-LS,107.0
2026-07-11,3040262371,51539-012N,CONTROL UNIT ASSY-GENERATOR,BANT,REC,REPARADO,V1 PAMA-LS,107.0
2026-07-11,3040262419,065-0061-36,ACTUATOR TRIM (KS272A),ALA 9,REC,EM REPARO,WILLIAM,102.0
2026-07-11,3040262734,C352,PORTABLE HALON FIRE EXTINGUISHERS,ALA 5,REC,EM REPARO,AV AERONAUTICA,89.0
2026-07-11,3040262738,C352TS,"EXTINGUISHER,FIRE",BANT,REC,,PROCURANDO,89.0
2026-07-11,3040262739,C352TS,"EXTINGUISHER,FIRE",BANT,REC,,PROCURANDO,89.0
2026-07-11,3040262740,C352TS,"EXTINGUISHER,FIRE",PAMALS,REC,,PROCURANDO,89.0
2026-07-11,3040262766,011-00883-20,RADAR GWX 68 WEATHER,BAMN,REC,EM REPARO,VEE ONE,89.0
2026-07-11,3040262765,011-00883-20,RADAR GWX 68 WEATHER,BAMN,REC,EM REPARO,VEE ONE,89.0
2026-07-11,3040262772,011-01020-10,AFCS MODE CONTROLLER GMC 710,BAMN,REC,EM REPARO,WILLIAM,89.0
2026-07-11,3040262770,011-01020-10,AFCS MODE CONTROLLER GMC 710,BAMN,REC,EM REPARO,WILLIAM,89.0
2026-07-11,3040262773,011-01020-10,AFCS MODE CONTROLLER GMC 710,BAMN,REC,EM REPARO,WILLIAM,89.0
2026-07-11,3040262746,066-1070-01,TRANSCEIVER DME (KN63),BABE,REC,EM REPARO,WILLIAM,89.0
2026-07-11,3040262745,064-1019-05,VHF TRANSCEIVE KY196,EEAR,REC,EM REPARO,VEE ONE,89.0
2026-07-11,3040262747,066-1072-00,RECEIVER ADF (KING KR87),ALA 7,REC,EM REPARO,WILLIAM,89.0
2026-07-11,3040262748,066-3046-07,"CONTROL,INDICATOR",BABR,REC,,BANT,89.0
2026-07-11,3040262769,066-3046-07,"CONTROL,INDICATOR",BABR,REC,,BANT,89.0
2026-07-11,3040262768,066-3046-07,"CONTROL,INDICATOR",EEAR,REC,EM REPARO,LEAP,89.0
2026-07-11,3040262767,066-3046-07,"CONTROL,INDICATOR",EEAR,REC,EM REPARO,LEAP,89.0
2026-07-11,3040262791,066-3060-00,IND RMI KNI582,BANT,REC,EM REPARO,LEAP,89.0
2026-07-11,3040262630,161-11700,INNER WHEEL HALF ASSY,BANT,REC,REPARADO,VEE ONE,89.0
2026-07-11,3040262792,066-3060-00,IND RMI KNI582,BANT,REC,EM REPARO,LEAP,89.0
2026-07-11,3040262634,162-10700,OUTER WHEEL HALF ASSY,BANT,REC,REPARADO,VEE ONE,89.0
2026-07-11,3040262632,161-12800,WHEEL HALF ASSY-INNER,BANT,OS concluída,REPARADO,VEE ONE,
2026-07-11,3040262633,161-12800,WHEEL HALF ASSY-INNER,BANT,REC,REPARADO,VEE ONE,89.0
2026-07-11,3040262635,162-11800,WHEEL HALF ASSY-OUTER,EPCAR,REC,REPARADO,VEE ONE,89.0
2026-07-11,3040262637,162-11800,WHEEL HALF ASSY-OUTER,BANT,REC,REPARADO,VEE ONE,89.0
2026-07-11,3040262636,162-11800,WHEEL HALF ASSY-OUTER,BANT,REC,REPARADO,VEE ONE,89.0
2026-07-11,3040262646,200SGL119Q,STARTER GENERATOR,PAMASP,OS concluída,,,
2026-07-11,3040262639,200SGL119Q,STARTER GENERATOR,PAMASP,OS concluída,,PAMA-LS,
2026-07-11,3040262638,200SGL119Q,STARTER GENERATOR,PAMALS,REC,EM REPARO,AV AERONAUTICA,89.0
2026-07-11,3040262757,2606015-2,IND OIL TEMP/P,PAMALS,REC,EM REPARO,VEE ONE,89.0
2026-07-11,3040262706,2641011-5,AXLE-MAIN GEAR,BAMN,REC,,BANT,89.0
2026-07-11,3040262707,2641011-5,AXLE-MAIN GEAR,BABV,REC,REPARADO,VEE ONE,89.0
2026-07-11,3040262717,2641011-5,AXLE-MAIN GEAR,BANT,REC,REPARADO,VEE ONE,89.0
2026-07-11,3040262714,2641011-5,AXLE-MAIN GEAR,BAPV,REC,,BANT,89.0
2026-07-11,3040262713,2641011-5,AXLE-MAIN GEAR,BAPV,REC,REPARADO,VEE ONE,89.0
2026-07-11,3040262712,2641011-5,AXLE-MAIN GEAR,BABR,REC,,BANT,89.0
2026-07-11,3040262711,2641011-5,AXLE-MAIN GEAR,BABR,REC,,BANT,89.0
2026-07-11,3040262709,2641011-5,AXLE-MAIN GEAR,PAMALS,REC,,BANT,89.0
2026-07-11,3040262708,2641011-5,AXLE-MAIN GEAR,PAMALS,REC,,BANT,89.0
2026-07-11,3040262744,3244809-1A,F.C.U,PAMALS,REC,EM REPARO,LEAP,89.0
2026-07-11,3040262758,9910338-4,FUEL TOTALIZER INDICATOR,PAMALS,REC,EM REPARO,VEE ONE,89.0
2026-07-11,3040262759,9910338-6,"TRANSMITTER,RATE OF FLOW",BAMN,REC,EM REPARO,WILLIAM,89.0
2026-07-11,3040262760,9910338-6,"TRANSMITTER,RATE OF FLOW",BANT,REC,EM REPARO,VEE ONE,89.0
2026-07-11,3040262966,2682001-1,BRAKE CYL MAST,BACO,OS concluída,,PAMA-LS,
2026-07-11,3040262967,2682001-1,BRAKE CYL MAST,PAMALS,REC,REPARADO,V1 PAMA-LS,87.0
2026-07-11,3040262968,2682001-1,BRAKE CYL MAST,BANT,OS concluída,,PAMA-LS,
2026-07-11,3040262969,2682001-1,BRAKE CYL MAST,BABE,REC,REPARADO,V1 PAMA-LS,87.0
2026-07-11,3040263069,453-5060,ELT C406-N,BABE,OS concluída,,,
2026-07-11,3040263283,D145-00-46-2,FLAP ACTUATOR ASSY,PAMALS,REC,EM REPARO,LEAP,72.0
2026-07-11,3040263284,D145-00-46-2,FLAP ACTUATOR ASSY,BAFL,REC,EM REPARO,LEAP,72.0
2026-07-11,3040263324,069-01033-0101,"RECEIVER-TRANSMITTER,RADIO",PAMALS,REC,EM REPARO,LEAP,72.0
2026-07-11,3040263287,C661065-0237,AIRSPEED INDICATOR,BABR,REC,REPARADO,VEE ONE,72.0
2026-07-11,3040263288,C661065-0237,AIRSPEED INDICATOR,PAMASP,REC,REPARADO,VEE ONE,72.0
2026-07-11,3040263314,060-0017-00,FLIGHT DIR HOR,EEAR,REC,EM REPARO,LEAP,72.0
2026-07-11,3040263319,066-1055-00,AUDIO CONTROL PANEL,BABE,REC,REPARADO,VEE ONE,72.0
2026-07-11,3040263317,060-0017-00,FLIGHT DIR HOR,PAMASP,REC,,BANT,72.0
2026-07-11,3040263316,060-0017-00,FLIGHT DIR HOR,BANT,REC,,BANT,72.0
2026-07-11,3040263320,066-1055-00,AUDIO CONTROL PANEL,PAMALS,REC,EM REPARO,AV AERONAUTICA,72.0
2026-07-11,3040263325,069-01033-0101,"RECEIVER-TRANSMITTER,RADIO",PAMALS,REC,,PROCURANDO,72.0
2026-07-11,3040263335,C611008-0101,ALTERNATOR CONTROL UNIT,PAMALS,REC,EM REPARO,AV AERONAUTICA,72.0
2026-07-11,3040263336,C611008-0101,ALTERNATOR CONTROL UNIT,PAMALS,REC,EM REPARO,AV AERONAUTICA,72.0
2026-07-11,3040263286,C661065-0237,AIRSPEED INDICATOR,BANT,REC,DEVOLVIDO NO ESTADO,WILLIAM,72.0
2026-07-11,3040263322,066-1055-00,AUDIO CONTROL PANEL,ALA 9,REC,EM REPARO,WILLIAM,72.0
2026-07-11,3040263326,069-01033-0101,"RECEIVER-TRANSMITTER,RADIO",PAMALS,REC,,BANT,72.0
2026-07-11,3040263315,060-0017-00,FLIGHT DIR HOR,BACG,OS concluída,,BABR,
2026-07-11,3040263334,011-00916-10,"DISPLAY UNIT,FLIGHT INFORMATION",BACO,REC,VAI SER DEVOLVIDO SEM REPARO,WILLIAM,72.0
2026-07-11,3040263333,011-00916-10,"DISPLAY UNIT,FLIGHT INFORMATION",BACO,REC,EM REPARO,WILLIAM,72.0
2026-07-11,3040263332,011-00916-10,"DISPLAY UNIT,FLIGHT INFORMATION",BAMN,REC,EM REPARO,WILLIAM,72.0
2026-07-11,3040263331,C661064-0237,AIRSPEED INDICATOR,PAMALS,REC,VAI SER DEVOLVIDO SEM REPARO,WILLIAM,72.0
2026-07-11,3040263329,C661064-0237,AIRSPEED INDICATOR,PAMALS,REC,EM REPARO,WILLIAM,72.0
2026-07-11,3040263328,C661064-0237,AIRSPEED INDICATOR,BABR,REC,EM REPARO,WILLIAM,72.0
2026-07-11,3040263327,C661064-0237,AIRSPEED INDICATOR,BABR,REC,EM REPARO,WILLIAM,72.0
2026-07-11,3040263330,C661064-0237,AIRSPEED INDICATOR,PAMALS,REC,EM REPARO,WILLIAM,72.0
2026-07-11,3040263338,C611008-0101,ALTERNATOR CONTROL UNIT,PAMALS,REC,REPARADO,V1 PAMA-LS,72.0
2026-07-11,3040263433,066-03064-0005,"ALTIMETER,SERVO CONTROLLED,AUTOMATIC PRESSURE",BACG,REC,EM REPARO,WILLIAM,66.0
2026-07-11,3040263435,066-03064-0005,"ALTIMETER,SERVO CONTROLLED,AUTOMATIC PRESSURE",BANT,REC,EM REPARO,WILLIAM,66.0
2026-07-11,3040263434,066-03064-0005,"ALTIMETER,SERVO CONTROLLED,AUTOMATIC PRESSURE",PAMASP,REC,VAI SER DEVOLVIDO SEM REPARO,WILLIAM,66.0
2026-07-11,3040263417,069-01033-0101,"RECEIVER-TRANSMITTER,RADIO",PAMALS,REC,EM REPARO,WILLIAM,66.0
2026-07-11,3040263416,069-01033-0101,"RECEIVER-TRANSMITTER,RADIO",BASM,REC,EM REPARO,WILLIAM,66.0
2026-07-11,3040263415,069-01033-0101,"RECEIVER-TRANSMITTER,RADIO",BABR,REC,,BANT,66.0
2026-07-11,3040263447,066-3046-07,"CONTROL,INDICATOR",CLA,REC,,BABR,66.0
2026-07-11,3040263443,3244897-4,FUEL CONTROL UNIT,PAMALS,REC,EM REPARO,LEAP,65.0
2026-07-11,3040263444,3244897-4,FUEL CONTROL UNIT,PAMALS,REC,EM REPARO,LEAP,65.0
2026-07-11,3040263577,060-0015-00,"CONTROL,DIRECTIONAL,AUTOMATIC PILOT",ALA 5,REC,EM REPARO,WILLIAM,60.0
2026-07-11,3040263574,066-1072-04,"RECEIVER,RADIO",BABE,REC,EM REPARO,WILLIAM,60.0
2026-07-11,3040263576,066-1072-04,"RECEIVER,RADIO",BAMN,REC,DEVOLVIDO NO ESTADO,WILLIAM,60.0
2026-07-11,3040263575,066-1072-04,"RECEIVER,RADIO",BABE,REC,EM REPARO,WILLIAM,60.0
2026-07-11,3040263573,066-3084-32,IND RDR 2000 IN-182A,PAMALS,REC,,BABR,60.0
2026-07-11,3040263571,066-3084-32,IND RDR 2000 IN-182A,PAMALS,REC,EM REPARO,WILLIAM,60.0
2026-07-11,3040263572,066-3084-32,IND RDR 2000 IN-182A,PAMALS,REC,EM REPARO,WILLIAM,60.0
2026-07-11,3040263448,2618510-10,ALTERNATOR CONTROL UNIT ASSY,BABE,REC,EM REPARO,WILLIAM,60.0
2026-07-11,3040263449,2618510-10,ALTERNATOR CONTROL UNIT ASSY,PAMALS,REC,EM REPARO,WILLIAM,60.0
2026-07-11,3040263877,2641011-5,AXLE-MAIN GEAR,CLA,REC,EM REPARO,LEAP,50.0
2026-07-11,3040263878,2641011-5,AXLE-MAIN GEAR,CLA,REC,EM REPARO,LEAP,50.0
2026-07-11,3040264243,069-01033-0101,"RECEIVER-TRANSMITTER,RADIO",PAMALS,REC,EM REPARO,WILLIAM,43.0
2026-07-11,3040264244,069-01033-0101,"RECEIVER-TRANSMITTER,RADIO",PAMASP,REC,EM REPARO,WILLIAM,43.0
2026-07-11,3040264246,060-0017-00,FLIGHT DIR HOR,PAMALS,REC,EM REPARO,WILLIAM,43.0
2026-07-11,3040264237,200SGL119Q-2,STARTER GENERATOR,BAMN,REC,EM REPARO,AV AERONAUTICA,43.0
2026-07-11,3040264236,200SGL119Q-2,STARTER GENERATOR,BABE,REC,,BABE,43.0
2026-07-11,3040264121,3244897-4,FUEL CONTROL UNIT,BABE,REC,EM REPARO,LEAP,43.0
2026-07-11,3040264263,9910338-8,"INDICATOR,FUEL FLOW",PAMALS,OS concluída,,BABR,
2026-07-11,3040264262,9910338-8,"INDICATOR,FUEL FLOW",BABV,REC,EM REPARO,WILLIAM,43.0
2026-07-11,3040264242,324843-2020,HEADSET-MICROPHONE,BABE,REC,EM REPARO,WILLIAM,43.0
2026-07-11,3040264264,324843-2020,HEADSET-MICROPHONE,DACTA II,REC,EM REPARO,WILLIAM,43.0
2026-07-11,3040264238,324843-2020,HEADSET-MICROPHONE,DACTA II,REC,EM REPARO,WILLIAM,43.0
2026-07-11,3040264241,324843-2020,HEADSET-MICROPHONE,DACTA II,REC,EM REPARO,WILLIAM,43.0
2026-07-11,3040264240,324843-2020,HEADSET-MICROPHONE,DACTA II,REC,EM REPARO,WILLIAM,43.0
2026-07-11,3040264122,3244809-8,"FUEL CONTROL,MAIN,TURBINE ENGINE",BABE,OS concluída,,BABR,
2026-07-11,3040263797,066-3046-07,"CONTROL,INDICATOR",BABE,REC,EM REPARO,WILLIAM,43.0
2026-07-11,3040263798,066-3046-07,"CONTROL,INDICATOR",PAMASP,REC,EM REPARO,WILLIAM,43.0
2026-07-11,3040263799,066-3046-07,"CONTROL,INDICATOR",PAMASP,REC,EM REPARO,WILLIAM,43.0
2026-07-11,3040263795,071-01519-0101,"RECEIVER-EXCITER,RADAR",PAMALS,REC,,PROCURANDO,43.0
2026-07-11,3040263796,071-01519-0101,"RECEIVER-EXCITER,RADAR",PAMALS,REC,,PROCURANDO,43.0
2026-07-11,3040264579,060-0017-00,FLIGHT DIR HOR,BABR,REC,,,31.0
2026-07-11,3040264577,060-0017-00,FLIGHT DIR HOR,PAMALS,REC,,,31.0
2026-07-11,3040264573,060-0017-00,FLIGHT DIR HOR,BANT,REC,,,31.0
2026-07-11,3040264574,060-0017-00,FLIGHT DIR HOR,BANT,REC,,,31.0
2026-07-11,3040264576,060-0017-00,FLIGHT DIR HOR,PAMALS,REC,,,31.0
2026-07-11,3040264572,060-0017-00,FLIGHT DIR HOR,PAMASP,REC,,,31.0
2026-07-11,3040264647,1H75-21,PRESSURE REGULATOR,BAMN,REC,,,26.0
2026-07-11,3040264646,1H75-21,PRESSURE REGULATOR,PAMASP,REC,,,26.0
2026-07-11,3040264645,1H75-21,PRESSURE REGULATOR,PAMASP,REC,,,26.0
2026-07-11,3040264643,1H75-21,PRESSURE REGULATOR,PAMASP,REC,,,26.0
2026-07-11,3040264707,3244809-7,"FUEL CONTROL,MAIN,TURBINE ENGINE",BABE,REC,,,26.0
2026-07-11,3040264709,540-1407-4,"VALVE,BLEED,TURBINEENGINE",PAMASP,REC,,,26.0
2026-07-11,3040264710,200SGL153Q,"STARTER-GENERATOR,ENGINE,AIRCRAFT",CLA,REC,,,26.0
2026-07-11,3040264711,200SGL153Q,"STARTER-GENERATOR,ENGINE,AIRCRAFT",PAMASP,REC,,,26.0
2026-07-11,3040264712,200SGL153Q,"STARTER-GENERATOR,ENGINE,AIRCRAFT",BACG,REC,,,26.0
2026-07-11,3040264718,9910338-8,"INDICATOR,FUEL FLOW",PAMALS,REC,,,26.0
2026-07-11,3040264719,S3326-2,"INDICATOR,HORIZONTAL SITUATION",ALA 8,REC,,,26.0
2026-07-11,3040264720,S3326-2,"INDICATOR,HORIZONTAL SITUATION",PAMALS,REC,,,26.0
2026-07-11,3040264721,S3326-2,"INDICATOR,HORIZONTAL SITUATION",PAMASP,REC,,,26.0
2026-07-11,3040264724,2606013-1AM,INDICADOR PERCENTUAL RPM,BABV,REC,,,26.0
2026-07-11,3040264725,2606013-1AM,INDICADOR PERCENTUAL RPM,BABR,REC,,,26.0
2026-07-11,3040264726,2606015-4,INDICATOR-OIL TEMP/OIL PRESS,BANT,REC,,,26.0
2026-07-11,3040264727,C661051-0201,GYRO HORIZON,ALA 10,REC,,,26.0
2026-07-11,3040264728,504-0111-906,GYRO HORIZON,PAMALS,REC,,,26.0
2026-07-11,3040264729,504-0111-906,GYRO HORIZON,BACG,REC,,,26.0
2026-07-11,3040264730,8210-003,"GOVERNOR,FUEL CONTROL",PAMASP,REC,,,26.0
2026-07-11,3040264731,8210-002,"GOVERNOR,CONSTANT SPEED DRIVE",PAMASP,REC,,,26.0
2026-07-11,3040264732,8210-002,"GOVERNOR,CONSTANT SPEED DRIVE",BAMN,REC,,,26.0
2026-07-11,3040264733,030-18200,MAIN WHEEL BRAKE,BAMN,REC,,,26.0
2026-07-11,3040264734,030-18200,MAIN WHEEL BRAKE,BAMN,REC,,,26.0
2026-07-11,3040264735,161-11700,INNER WHEEL HALF ASSY,PAMALS,REC,,,26.0
2026-07-11,3040264736,161-12800,WHEEL HALF ASSY-INNER,BABR,REC,,,26.0
2026-07-11,3040264737,161-12800,WHEEL HALF ASSY-INNER,PAMALS,AUT,,,26.0
2026-07-11,3040264738,162-10700,OUTER WHEEL HALF ASSY,BACO,AUT,,,26.0
2026-07-11,3040264807,011-01105-01,INTEGRATED AVIONICS UNIT GIA63W,ALA 8,REC,,,18.0
2026-07-11,3040264808,011-01105-01,INTEGRATED AVIONICS UNIT GIA63W,BAMN,REC,,,18.0
2026-07-11,3040264907,011-00916-10,"DISPLAY UNIT,FLIGHT INFORMATION",BAMN,REC,,,11.0
2026-07-11,3040264908,011-00916-10,"DISPLAY UNIT,FLIGHT INFORMATION",BABV,REC,,,11.0
