data_snapshot,linha,situacao_consolidada,aprovado,tramite,valor,executora,pacote,para_contrato,para_motores
2026-07-09,13181,Atendido,SIM,ATENDIDO,350000.0,CELOG,A,SOB DEMANDA,SIM
2026-07-09,14161,Atendido,SIM,ATENDIDO,1000.0,CELOG,A,SOB DEMANDA,SIM
2026-07-09,15421,Atendido,SIM,ATENDIDO,324166.14,CELOG,A,SOB DEMANDA,Não
2026-07-09,15681,Atendido,SIM,ATENDIDO,207789.52,CELOG,A,HORA DE VOO,Não
2026-07-09,15961,Atendido,SIM,ATENDIDO,800000.0,CELOG,A,SOB DEMANDA,SIM
2026-07-09,15962,"Aprovado, aguardando atendimento",SIM,,1530656.62,CELOG,A,SOB DEMANDA,SIM
2026-07-09,15963,Atendido,SIM,ATENDIDO,72958.08,CELOG,A,SOB DEMANDA,SIM
2026-07-09,15964,Atendido,SIM,ATENDIDO,8916.0,CELOG,A,SOB DEMANDA,SIM
2026-07-09,15965,Atendido,SIM,ATENDIDO,425178.5,CELOG,A,SOB DEMANDA,SIM
2026-07-09,16001,Atendido,SIM,ATENDIDO,400000.0,CELOG,A,SOB DEMANDA,SIM
2026-07-09,16561,Atendido,SIM,ATENDIDO,1530656.62,CELOG,A,HORA DE VOO,Não
2026-07-09,17201,Atendido,SIM,ATENDIDO,41730.64,CABW,A,REQUISIÇÃO,Não
2026-07-09,19241,Não aprovado,NÃO,BLOQUEIO,5000000.0,CELOG,D,PARCELA FIXA,Não
2026-07-09,23080,Não aprovado,NÃO,,4064.54,CELOG,C,REQUISIÇÃO,Não
2026-07-09,23100,Não aprovado,NÃO,,4227.84,CABW,C,REQUISIÇÃO,Não
2026-07-09,23120,Não aprovado,NÃO,,9389.96,CABW,C,REQUISIÇÃO,Não
2026-07-09,23140,Não aprovado,NÃO,,1163.64,FMS,C,REQUISIÇÃO,Não
2026-07-09,23160,Não aprovado,NÃO,,7204.82,CABW,C,REQUISIÇÃO,Não
2026-07-09,23180,Não aprovado,NÃO,,3662.66,CABW,C,REQUISIÇÃO,Não
2026-07-09,25900,Atendido,SIM,ATENDIDO,1704503.0,CELOG,RAP,HORA DE VOO,Não
2026-07-09,25920,Atendido,SIM,ATENDIDO,1638125.5,CELOG,RAP,HORA DE VOO,Não
2026-07-09,12740,Atendido,SIM,ATENDIDO,1770880.5,CELOG,A,HORA DE VOO,Não
2026-07-09,13760,Atendido,SIM,ATENDIDO,1704503.0,CELOG,A,HORA DE VOO,Não
2026-07-09,15680,Atendido,SIM,ATENDIDO,1496713.48,CELOG,A,HORA DE VOO,Não
2026-07-09,16560,"Aprovado, aguardando atendimento",SIM,,173846.38,CELOG,A,HORA DE VOO,Não
2026-07-09,17760,"Aprovado, aguardando atendimento",SIM,,1704503.0,CELOG,A,HORA DE VOO,Não
2026-07-09,17761,"Aprovado, aguardando atendimento",SIM,,1704503.0,CELOG,A,HORA DE VOO,Não
2026-07-09,17762,"Aprovado, aguardando atendimento",SIM,,1704503.0,CELOG,A,HORA DE VOO,Não
2026-07-09,18140,"Aprovado, aguardando atendimento",SIM,,1295422.28,CELOG,A,HORA DE VOO,Não
2026-07-09,15440,"Aprovado, aguardando atendimento",SIM,,30000.0,CELOG,A,SOB DEMANDA,Não
2026-07-09,15380,Atendido,SIM,ATENDIDO,150000.0,CELOG,A,SOB DEMANDA,Não
2026-07-09,15400,Atendido,SIM,ATENDIDO,150000.0,CELOG,A,SOB DEMANDA,Não
2026-07-09,15420,Atendido,SIM,ATENDIDO,18462.36,CELOG,A,SOB DEMANDA,Não
2026-07-09,25940,Atendido,SIM,ATENDIDO,3800000.0,CELOG,RAP,SOB DEMANDA,SIM
2026-07-09,25960,Atendido,SIM,ATENDIDO,3800000.0,CELOG,RAP,SOB DEMANDA,SIM
2026-07-09,11700,Atendido,SIM,ATENDIDO,3799999.6,CELOG,A,SOB DEMANDA,SIM
2026-07-09,13180,Atendido,SIM,ATENDIDO,350000.0,CELOG,A,SOB DEMANDA,SIM
2026-07-09,16000,Atendido,SIM,ATENDIDO,400000.0,CELOG,A,SOB DEMANDA,SIM
2026-07-09,13200,"Aprovado, aguardando atendimento",SIM,,1000000.0,CELOG,A,SOB DEMANDA,SIM
2026-07-09,16700,"Aprovado, aguardando atendimento",SIM,,1000000.0,CELOG,A,SOB DEMANDA,SIM
2026-07-09,25180,"Aprovado, aguardando atendimento",SIM,,1000000.0,CELOG,A,SOB DEMANDA,SIM
2026-07-09,14160,Atendido,SIM,ATENDIDO,3799000.0,CELOG,A,SOB DEMANDA,SIM
2026-07-09,15960,"Aprovado, aguardando atendimento",SIM,,962290.8,CELOG,A,SOB DEMANDA,SIM
2026-07-09,15980,Não aprovado,NÃO,CANCELADO,,CELOG,C,SOB DEMANDA,SIM
2026-07-09,10300,"Aprovado, aguardando atendimento",SIM,,135000.0,CABW,A,REQUISIÇÃO,Não
2026-07-09,10760,"Aprovado, aguardando atendimento",SIM,,400000.0,FMS,A,REQUISIÇÃO,SIM
2026-07-09,13220,"Aprovado, aguardando atendimento",SIM,,400000.0,FMS,A,REQUISIÇÃO,SIM
2026-07-09,23740,"Aprovado, aguardando atendimento",SIM,,400000.0,FMS,A,REQUISIÇÃO,SIM
2026-07-09,11800,Atendido,SIM,ATENDIDO,1187433.02,CABW,A,REQUISIÇÃO,Não
2026-07-09,17200,"Aprovado, aguardando atendimento",SIM,,958040.0,CABW,A,REQUISIÇÃO,Não
2026-07-09,11820,"Aprovado, aguardando atendimento",SIM,,1000000.0,CABW,A,REQUISIÇÃO,Não
2026-07-09,24660,Não aprovado,NÃO,,835000.0,CABW,C,REQUISIÇÃO,Não
2026-07-09,11840,"Aprovado, aguardando atendimento",SIM,,1000000.0,CABW,A,REQUISIÇÃO,Não
2026-07-09,24680,Não aprovado,NÃO,,1000000.0,CABW,C,REQUISIÇÃO,Não
2026-07-09,11860,"Aprovado, aguardando atendimento",SIM,,1000000.0,CABW,A,REQUISIÇÃO,Não
2026-07-09,24700,Não aprovado,NÃO,,1000000.0,CABW,C,REQUISIÇÃO,Não
2026-07-09,11880,"Aprovado, aguardando atendimento",SIM,,100000.0,FMS,A,REQUISIÇÃO,Não
2026-07-09,14180,"Aprovado, aguardando atendimento",SIM,,100000.0,FMS,A,REQUISIÇÃO,Não
2026-07-09,24180,"Aprovado, aguardando atendimento",SIM,,100000.0,FMS,A,REQUISIÇÃO,Não
2026-07-09,24720,Não aprovado,NÃO,,100000.0,FMS,C,REQUISIÇÃO,Não
2026-07-09,11760,"Aprovado, aguardando atendimento",SIM,,200000.0,CABW,A,REQUISIÇÃO,SIM
2026-07-09,11680,"Aprovado, aguardando atendimento",SIM,,563000.0,CABW,A,REQUISIÇÃO,SIM
2026-07-09,11780,"Aprovado, aguardando atendimento",SIM,,320000.0,CABW,A,REQUISIÇÃO,SIM
2026-07-09,13240,"Aprovado, aguardando atendimento",SIM,,120000.0,CABW,A,REQUISIÇÃO,SIM
2026-07-09,23640,Não aprovado,NÃO,,120000.0,CABW,C,REQUISIÇÃO,SIM
2026-07-09,13260,"Aprovado, aguardando atendimento",SIM,,80000.0,CABW,A,REQUISIÇÃO,SIM
2026-07-09,24380,Não aprovado,NÃO,,80000.0,CABW,C,REQUISIÇÃO,SIM
2026-07-09,10780,"Aprovado, aguardando atendimento",SIM,,430000.0,CABW,A,REQUISIÇÃO,SIM
2026-07-09,11720,"Aprovado, aguardando atendimento",SIM,,430000.0,CABW,A,REQUISIÇÃO,SIM
2026-07-09,10800,"Aprovado, aguardando atendimento",SIM,,425000.0,CABW,A,REQUISIÇÃO,SIM
2026-07-09,11740,"Aprovado, aguardando atendimento",SIM,,60000.0,CABW,A,REQUISIÇÃO,SIM
2026-07-09,19240,"Aprovado, aguardando atendimento",SIM,,500000.0,CELOG,D,PARCELA FIXA,Não
2026-07-09,19260,"Aprovado, aguardando atendimento",SIM,,4000000.0,CELOG,D,PARCELA FIXA,Não
2026-07-09,19600,Não aprovado,NÃO,,5500000.0,CELOG,D,PARCELA FIXA,Não
2026-07-09,19620,Não aprovado,NÃO,,5500000.0,CELOG,D,PARCELA FIXA,Não
2026-07-09,24661,Não aprovado,NÃO,,165000.0,CABW,C,REQUISIÇÃO,Não
2026-07-09,63120,Não aprovado,NÃO,,3800000.0,CELOG,C,SOB DEMANDA,SIM
2026-07-09,63140,"Aprovado, aguardando atendimento",SIM,,4394700.0,CABW,C,SOB DEMANDA,SIM
2026-07-09,63940,"Aprovado, aguardando atendimento",SIM,,528395.93,CELOG,A,HORA DE VOO,Não
2026-07-09,63960,Não aprovado,NÃO,,1000000.0,CELOG,B,SOB DEMANDA,SIM
2026-07-09,64340,"Aprovado, aguardando atendimento",SIM,,4394700.0,CABW,C,SOB DEMANDA,SIM
2026-07-10,13181,Atendido,SIM,ATENDIDO,350000.0,CELOG,A,SOB DEMANDA,SIM
2026-07-10,14161,Atendido,SIM,ATENDIDO,1000.0,CELOG,A,SOB DEMANDA,SIM
2026-07-10,15421,Atendido,SIM,ATENDIDO,324166.14,CELOG,A,SOB DEMANDA,Não
2026-07-10,15681,Atendido,SIM,ATENDIDO,207789.52,CELOG,A,HORA DE VOO,Não
2026-07-10,15961,Atendido,SIM,ATENDIDO,800000.0,CELOG,A,SOB DEMANDA,SIM
2026-07-10,15962,"Aprovado, aguardando atendimento",SIM,,1530656.62,CELOG,A,SOB DEMANDA,SIM
2026-07-10,15963,Atendido,SIM,ATENDIDO,72958.08,CELOG,A,SOB DEMANDA,SIM
2026-07-10,15964,Atendido,SIM,ATENDIDO,8916.0,CELOG,A,SOB DEMANDA,SIM
2026-07-10,15965,Atendido,SIM,ATENDIDO,425178.5,CELOG,A,SOB DEMANDA,SIM
2026-07-10,16001,Atendido,SIM,ATENDIDO,400000.0,CELOG,A,SOB DEMANDA,SIM
2026-07-10,16561,Atendido,SIM,ATENDIDO,1530656.62,CELOG,A,HORA DE VOO,Não
2026-07-10,17201,Atendido,SIM,ATENDIDO,41730.64,CABW,A,REQUISIÇÃO,Não
2026-07-10,19241,Não aprovado,NÃO,BLOQUEIO,5000000.0,CELOG,D,PARCELA FIXA,Não
2026-07-10,23080,Não aprovado,NÃO,,4064.54,CELOG,C,REQUISIÇÃO,Não
2026-07-10,23100,Não aprovado,NÃO,,4227.84,CABW,C,REQUISIÇÃO,Não
2026-07-10,23120,Não aprovado,NÃO,,9389.96,CABW,C,REQUISIÇÃO,Não
2026-07-10,23140,Não aprovado,NÃO,,1163.64,FMS,C,REQUISIÇÃO,Não
2026-07-10,23160,Não aprovado,NÃO,,7204.82,CABW,C,REQUISIÇÃO,Não
2026-07-10,23180,Não aprovado,NÃO,,3662.66,CABW,C,REQUISIÇÃO,Não
2026-07-10,25900,Atendido,SIM,ATENDIDO,1704503.0,CELOG,RAP,HORA DE VOO,Não
2026-07-10,25920,Atendido,SIM,ATENDIDO,1638125.5,CELOG,RAP,HORA DE VOO,Não
2026-07-10,12740,Atendido,SIM,ATENDIDO,1770880.5,CELOG,A,HORA DE VOO,Não
2026-07-10,13760,Atendido,SIM,ATENDIDO,1704503.0,CELOG,A,HORA DE VOO,Não
2026-07-10,15680,Atendido,SIM,ATENDIDO,1496713.48,CELOG,A,HORA DE VOO,Não
2026-07-10,16560,"Aprovado, aguardando atendimento",SIM,,173846.38,CELOG,A,HORA DE VOO,Não
2026-07-10,17760,"Aprovado, aguardando atendimento",SIM,,1704503.0,CELOG,A,HORA DE VOO,Não
2026-07-10,17761,"Aprovado, aguardando atendimento",SIM,,1704503.0,CELOG,A,HORA DE VOO,Não
2026-07-10,17762,"Aprovado, aguardando atendimento",SIM,,1704503.0,CELOG,A,HORA DE VOO,Não
2026-07-10,18140,"Aprovado, aguardando atendimento",SIM,,1295422.28,CELOG,A,HORA DE VOO,Não
2026-07-10,15440,"Aprovado, aguardando atendimento",SIM,,30000.0,CELOG,A,SOB DEMANDA,Não
2026-07-10,15380,Atendido,SIM,ATENDIDO,150000.0,CELOG,A,SOB DEMANDA,Não
2026-07-10,15400,Atendido,SIM,ATENDIDO,150000.0,CELOG,A,SOB DEMANDA,Não
2026-07-10,15420,Atendido,SIM,ATENDIDO,18462.36,CELOG,A,SOB DEMANDA,Não
2026-07-10,25940,Atendido,SIM,ATENDIDO,3800000.0,CELOG,RAP,SOB DEMANDA,SIM
2026-07-10,25960,Atendido,SIM,ATENDIDO,3800000.0,CELOG,RAP,SOB DEMANDA,SIM
2026-07-10,11700,Atendido,SIM,ATENDIDO,3799999.6,CELOG,A,SOB DEMANDA,SIM
2026-07-10,13180,Atendido,SIM,ATENDIDO,350000.0,CELOG,A,SOB DEMANDA,SIM
2026-07-10,16000,Atendido,SIM,ATENDIDO,400000.0,CELOG,A,SOB DEMANDA,SIM
2026-07-10,13200,"Aprovado, aguardando atendimento",SIM,,1000000.0,CELOG,A,SOB DEMANDA,SIM
2026-07-10,16700,"Aprovado, aguardando atendimento",SIM,,1000000.0,CELOG,A,SOB DEMANDA,SIM
2026-07-10,25180,"Aprovado, aguardando atendimento",SIM,,1000000.0,CELOG,A,SOB DEMANDA,SIM
2026-07-10,14160,Atendido,SIM,ATENDIDO,3799000.0,CELOG,A,SOB DEMANDA,SIM
2026-07-10,15960,"Aprovado, aguardando atendimento",SIM,,962290.8,CELOG,A,SOB DEMANDA,SIM
2026-07-10,15980,Não aprovado,NÃO,CANCELADO,,CELOG,C,SOB DEMANDA,SIM
2026-07-10,10300,"Aprovado, aguardando atendimento",SIM,,135000.0,CABW,A,REQUISIÇÃO,Não
2026-07-10,10760,"Aprovado, aguardando atendimento",SIM,,400000.0,FMS,A,REQUISIÇÃO,SIM
2026-07-10,13220,"Aprovado, aguardando atendimento",SIM,,400000.0,FMS,A,REQUISIÇÃO,SIM
2026-07-10,23740,"Aprovado, aguardando atendimento",SIM,,400000.0,FMS,A,REQUISIÇÃO,SIM
2026-07-10,11800,Atendido,SIM,ATENDIDO,1187433.02,CABW,A,REQUISIÇÃO,Não
2026-07-10,17200,"Aprovado, aguardando atendimento",SIM,,958040.0,CABW,A,REQUISIÇÃO,Não
2026-07-10,11820,"Aprovado, aguardando atendimento",SIM,,1000000.0,CABW,A,REQUISIÇÃO,Não
2026-07-10,24660,Não aprovado,NÃO,,835000.0,CABW,C,REQUISIÇÃO,Não
2026-07-10,11840,"Aprovado, aguardando atendimento",SIM,,1000000.0,CABW,A,REQUISIÇÃO,Não
2026-07-10,24680,Não aprovado,NÃO,,1000000.0,CABW,C,REQUISIÇÃO,Não
2026-07-10,11860,"Aprovado, aguardando atendimento",SIM,,1000000.0,CABW,A,REQUISIÇÃO,Não
2026-07-10,24700,Não aprovado,NÃO,,1000000.0,CABW,C,REQUISIÇÃO,Não
2026-07-10,11880,"Aprovado, aguardando atendimento",SIM,,100000.0,FMS,A,REQUISIÇÃO,Não
2026-07-10,14180,"Aprovado, aguardando atendimento",SIM,,100000.0,FMS,A,REQUISIÇÃO,Não
2026-07-10,24180,"Aprovado, aguardando atendimento",SIM,,100000.0,FMS,A,REQUISIÇÃO,Não
2026-07-10,24720,Não aprovado,NÃO,,100000.0,FMS,C,REQUISIÇÃO,Não
2026-07-10,11760,"Aprovado, aguardando atendimento",SIM,,200000.0,CABW,A,REQUISIÇÃO,SIM
2026-07-10,11680,"Aprovado, aguardando atendimento",SIM,,563000.0,CABW,A,REQUISIÇÃO,SIM
2026-07-10,11780,"Aprovado, aguardando atendimento",SIM,,320000.0,CABW,A,REQUISIÇÃO,SIM
2026-07-10,13240,"Aprovado, aguardando atendimento",SIM,,120000.0,CABW,A,REQUISIÇÃO,SIM
2026-07-10,23640,Não aprovado,NÃO,,120000.0,CABW,C,REQUISIÇÃO,SIM
2026-07-10,13260,"Aprovado, aguardando atendimento",SIM,,80000.0,CABW,A,REQUISIÇÃO,SIM
2026-07-10,24380,Não aprovado,NÃO,,80000.0,CABW,C,REQUISIÇÃO,SIM
2026-07-10,10780,"Aprovado, aguardando atendimento",SIM,,430000.0,CABW,A,REQUISIÇÃO,SIM
2026-07-10,11720,"Aprovado, aguardando atendimento",SIM,,430000.0,CABW,A,REQUISIÇÃO,SIM
2026-07-10,10800,"Aprovado, aguardando atendimento",SIM,,425000.0,CABW,A,REQUISIÇÃO,SIM
2026-07-10,11740,"Aprovado, aguardando atendimento",SIM,,60000.0,CABW,A,REQUISIÇÃO,SIM
2026-07-10,19240,"Aprovado, aguardando atendimento",SIM,,500000.0,CELOG,D,PARCELA FIXA,Não
2026-07-10,19260,"Aprovado, aguardando atendimento",SIM,,4000000.0,CELOG,D,PARCELA FIXA,Não
2026-07-10,19600,Não aprovado,NÃO,,5500000.0,CELOG,D,PARCELA FIXA,Não
2026-07-10,19620,Não aprovado,NÃO,,5500000.0,CELOG,D,PARCELA FIXA,Não
2026-07-10,24661,Não aprovado,NÃO,,165000.0,CABW,C,REQUISIÇÃO,Não
2026-07-10,63120,Não aprovado,NÃO,,3800000.0,CELOG,C,SOB DEMANDA,SIM
2026-07-10,63140,"Aprovado, aguardando atendimento",SIM,,4394700.0,CABW,C,SOB DEMANDA,SIM
2026-07-10,63940,"Aprovado, aguardando atendimento",SIM,,528395.93,CELOG,A,HORA DE VOO,Não
2026-07-10,63960,Não aprovado,NÃO,,1000000.0,CELOG,B,SOB DEMANDA,SIM
2026-07-10,64340,"Aprovado, aguardando atendimento",SIM,,4394700.0,CABW,C,SOB DEMANDA,SIM
2026-07-11,13181,Atendido,SIM,ATENDIDO,350000.0,CELOG,A,SOB DEMANDA,SIM
2026-07-11,14161,Atendido,SIM,ATENDIDO,1000.0,CELOG,A,SOB DEMANDA,SIM
2026-07-11,15421,Atendido,SIM,ATENDIDO,324166.14,CELOG,A,SOB DEMANDA,Não
2026-07-11,15681,Atendido,SIM,ATENDIDO,207789.52,CELOG,A,HORA DE VOO,Não
2026-07-11,15961,Atendido,SIM,ATENDIDO,800000.0,CELOG,A,SOB DEMANDA,SIM
2026-07-11,15962,"Aprovado, aguardando atendimento",SIM,,1530656.62,CELOG,A,SOB DEMANDA,SIM
2026-07-11,15963,Atendido,SIM,ATENDIDO,72958.08,CELOG,A,SOB DEMANDA,SIM
2026-07-11,15964,Atendido,SIM,ATENDIDO,8916.0,CELOG,A,SOB DEMANDA,SIM
2026-07-11,15965,Atendido,SIM,ATENDIDO,425178.5,CELOG,A,SOB DEMANDA,SIM
2026-07-11,16001,Atendido,SIM,ATENDIDO,400000.0,CELOG,A,SOB DEMANDA,SIM
2026-07-11,16561,Atendido,SIM,ATENDIDO,1530656.62,CELOG,A,HORA DE VOO,Não
2026-07-11,17201,Atendido,SIM,ATENDIDO,41730.64,CABW,A,REQUISIÇÃO,Não
2026-07-11,19241,Não aprovado,NÃO,BLOQUEIO,5000000.0,CELOG,D,PARCELA FIXA,Não
2026-07-11,23080,Não aprovado,NÃO,,4064.54,CELOG,C,REQUISIÇÃO,Não
2026-07-11,23100,Não aprovado,NÃO,,4227.84,CABW,C,REQUISIÇÃO,Não
2026-07-11,23120,Não aprovado,NÃO,,9389.96,CABW,C,REQUISIÇÃO,Não
2026-07-11,23140,Não aprovado,NÃO,,1163.64,FMS,C,REQUISIÇÃO,Não
2026-07-11,23160,Não aprovado,NÃO,,7204.82,CABW,C,REQUISIÇÃO,Não
2026-07-11,23180,Não aprovado,NÃO,,3662.66,CABW,C,REQUISIÇÃO,Não
2026-07-11,25900,Atendido,SIM,ATENDIDO,1704503.0,CELOG,RAP,HORA DE VOO,Não
2026-07-11,25920,Atendido,SIM,ATENDIDO,1638125.5,CELOG,RAP,HORA DE VOO,Não
2026-07-11,12740,Atendido,SIM,ATENDIDO,1770880.5,CELOG,A,HORA DE VOO,Não
2026-07-11,13760,Atendido,SIM,ATENDIDO,1704503.0,CELOG,A,HORA DE VOO,Não
2026-07-11,15680,Atendido,SIM,ATENDIDO,1496713.48,CELOG,A,HORA DE VOO,Não
2026-07-11,16560,"Aprovado, aguardando atendimento",SIM,,173846.38,CELOG,A,HORA DE VOO,Não
2026-07-11,17760,"Aprovado, aguardando atendimento",SIM,,1704503.0,CELOG,A,HORA DE VOO,Não
2026-07-11,17761,"Aprovado, aguardando atendimento",SIM,,1704503.0,CELOG,A,HORA DE VOO,Não
2026-07-11,17762,"Aprovado, aguardando atendimento",SIM,,1704503.0,CELOG,A,HORA DE VOO,Não
2026-07-11,18140,"Aprovado, aguardando atendimento",SIM,,1295422.28,CELOG,A,HORA DE VOO,Não
2026-07-11,15440,"Aprovado, aguardando atendimento",SIM,,30000.0,CELOG,A,SOB DEMANDA,Não
2026-07-11,15380,Atendido,SIM,ATENDIDO,150000.0,CELOG,A,SOB DEMANDA,Não
2026-07-11,15400,Atendido,SIM,ATENDIDO,150000.0,CELOG,A,SOB DEMANDA,Não
2026-07-11,15420,Atendido,SIM,ATENDIDO,18462.36,CELOG,A,SOB DEMANDA,Não
2026-07-11,25940,Atendido,SIM,ATENDIDO,3800000.0,CELOG,RAP,SOB DEMANDA,SIM
2026-07-11,25960,Atendido,SIM,ATENDIDO,3800000.0,CELOG,RAP,SOB DEMANDA,SIM
2026-07-11,11700,Atendido,SIM,ATENDIDO,3799999.6,CELOG,A,SOB DEMANDA,SIM
2026-07-11,13180,Atendido,SIM,ATENDIDO,350000.0,CELOG,A,SOB DEMANDA,SIM
2026-07-11,16000,Atendido,SIM,ATENDIDO,400000.0,CELOG,A,SOB DEMANDA,SIM
2026-07-11,13200,"Aprovado, aguardando atendimento",SIM,,1000000.0,CELOG,A,SOB DEMANDA,SIM
2026-07-11,16700,"Aprovado, aguardando atendimento",SIM,,1000000.0,CELOG,A,SOB DEMANDA,SIM
2026-07-11,25180,"Aprovado, aguardando atendimento",SIM,,1000000.0,CELOG,A,SOB DEMANDA,SIM
2026-07-11,14160,Atendido,SIM,ATENDIDO,3799000.0,CELOG,A,SOB DEMANDA,SIM
2026-07-11,15960,"Aprovado, aguardando atendimento",SIM,,962290.8,CELOG,A,SOB DEMANDA,SIM
2026-07-11,15980,Não aprovado,NÃO,CANCELADO,,CELOG,C,SOB DEMANDA,SIM
2026-07-11,10300,"Aprovado, aguardando atendimento",SIM,,135000.0,CABW,A,REQUISIÇÃO,Não
2026-07-11,10760,"Aprovado, aguardando atendimento",SIM,,400000.0,FMS,A,REQUISIÇÃO,SIM
2026-07-11,13220,"Aprovado, aguardando atendimento",SIM,,400000.0,FMS,A,REQUISIÇÃO,SIM
2026-07-11,23740,"Aprovado, aguardando atendimento",SIM,,400000.0,FMS,A,REQUISIÇÃO,SIM
2026-07-11,11800,Atendido,SIM,ATENDIDO,1187433.02,CABW,A,REQUISIÇÃO,Não
2026-07-11,17200,"Aprovado, aguardando atendimento",SIM,,958040.0,CABW,A,REQUISIÇÃO,Não
2026-07-11,11820,"Aprovado, aguardando atendimento",SIM,,1000000.0,CABW,A,REQUISIÇÃO,Não
2026-07-11,24660,Não aprovado,NÃO,,835000.0,CABW,C,REQUISIÇÃO,Não
2026-07-11,11840,"Aprovado, aguardando atendimento",SIM,,1000000.0,CABW,A,REQUISIÇÃO,Não
2026-07-11,24680,Não aprovado,NÃO,,1000000.0,CABW,C,REQUISIÇÃO,Não
2026-07-11,11860,"Aprovado, aguardando atendimento",SIM,,1000000.0,CABW,A,REQUISIÇÃO,Não
2026-07-11,24700,Não aprovado,NÃO,,1000000.0,CABW,C,REQUISIÇÃO,Não
2026-07-11,11880,"Aprovado, aguardando atendimento",SIM,,100000.0,FMS,A,REQUISIÇÃO,Não
2026-07-11,14180,"Aprovado, aguardando atendimento",SIM,,100000.0,FMS,A,REQUISIÇÃO,Não
2026-07-11,24180,"Aprovado, aguardando atendimento",SIM,,100000.0,FMS,A,REQUISIÇÃO,Não
2026-07-11,24720,Não aprovado,NÃO,,100000.0,FMS,C,REQUISIÇÃO,Não
2026-07-11,11760,"Aprovado, aguardando atendimento",SIM,,200000.0,CABW,A,REQUISIÇÃO,SIM
2026-07-11,11680,"Aprovado, aguardando atendimento",SIM,,563000.0,CABW,A,REQUISIÇÃO,SIM
2026-07-11,11780,"Aprovado, aguardando atendimento",SIM,,320000.0,CABW,A,REQUISIÇÃO,SIM
2026-07-11,13240,"Aprovado, aguardando atendimento",SIM,,120000.0,CABW,A,REQUISIÇÃO,SIM
2026-07-11,23640,Não aprovado,NÃO,,120000.0,CABW,C,REQUISIÇÃO,SIM
2026-07-11,13260,"Aprovado, aguardando atendimento",SIM,,80000.0,CABW,A,REQUISIÇÃO,SIM
2026-07-11,24380,Não aprovado,NÃO,,80000.0,CABW,C,REQUISIÇÃO,SIM
2026-07-11,10780,"Aprovado, aguardando atendimento",SIM,,430000.0,CABW,A,REQUISIÇÃO,SIM
2026-07-11,11720,"Aprovado, aguardando atendimento",SIM,,430000.0,CABW,A,REQUISIÇÃO,SIM
2026-07-11,10800,"Aprovado, aguardando atendimento",SIM,,425000.0,CABW,A,REQUISIÇÃO,SIM
2026-07-11,11740,"Aprovado, aguardando atendimento",SIM,,60000.0,CABW,A,REQUISIÇÃO,SIM
2026-07-11,19240,"Aprovado, aguardando atendimento",SIM,,500000.0,CELOG,D,PARCELA FIXA,Não
2026-07-11,19260,"Aprovado, aguardando atendimento",SIM,,4000000.0,CELOG,D,PARCELA FIXA,Não
2026-07-11,19600,Não aprovado,NÃO,,5500000.0,CELOG,D,PARCELA FIXA,Não
2026-07-11,19620,Não aprovado,NÃO,,5500000.0,CELOG,D,PARCELA FIXA,Não
2026-07-11,24661,Não aprovado,NÃO,,165000.0,CABW,C,REQUISIÇÃO,Não
2026-07-11,63120,Não aprovado,NÃO,,3800000.0,CELOG,C,SOB DEMANDA,SIM
2026-07-11,63140,"Aprovado, aguardando atendimento",SIM,,4394700.0,CABW,C,SOB DEMANDA,SIM
2026-07-11,63940,"Aprovado, aguardando atendimento",SIM,,528395.93,CELOG,A,HORA DE VOO,Não
2026-07-11,63960,Não aprovado,NÃO,,1000000.0,CELOG,B,SOB DEMANDA,SIM
2026-07-11,64340,"Aprovado, aguardando atendimento",SIM,,4394700.0,CABW,C,SOB DEMANDA,SIM
2026-07-13,13181,Atendido,SIM,ATENDIDO,350000.0,CELOG,A,SOB DEMANDA,SIM
2026-07-13,14161,Atendido,SIM,ATENDIDO,1000.0,CELOG,A,SOB DEMANDA,SIM
2026-07-13,15421,Atendido,SIM,ATENDIDO,324166.14,CELOG,A,SOB DEMANDA,Não
2026-07-13,15681,Atendido,SIM,ATENDIDO,207789.52,CELOG,A,HORA DE VOO,Não
2026-07-13,15961,Atendido,SIM,ATENDIDO,800000.0,CELOG,A,SOB DEMANDA,SIM
2026-07-13,15962,"Aprovado, aguardando atendimento",SIM,,1530656.62,CELOG,A,SOB DEMANDA,SIM
2026-07-13,15963,Atendido,SIM,ATENDIDO,72958.08,CELOG,A,SOB DEMANDA,SIM
2026-07-13,15964,Atendido,SIM,ATENDIDO,8916.0,CELOG,A,SOB DEMANDA,SIM
2026-07-13,15965,Atendido,SIM,ATENDIDO,425178.5,CELOG,A,SOB DEMANDA,SIM
2026-07-13,16001,Atendido,SIM,ATENDIDO,400000.0,CELOG,A,SOB DEMANDA,SIM
2026-07-13,16561,Atendido,SIM,ATENDIDO,1530656.62,CELOG,A,HORA DE VOO,Não
2026-07-13,17201,Atendido,SIM,ATENDIDO,41730.64,CABW,A,REQUISIÇÃO,Não
2026-07-13,19241,Não aprovado,NÃO,BLOQUEIO,5000000.0,CELOG,D,PARCELA FIXA,Não
2026-07-13,23080,Não aprovado,NÃO,,4064.54,CELOG,C,REQUISIÇÃO,Não
2026-07-13,23100,Não aprovado,NÃO,,4227.84,CABW,C,REQUISIÇÃO,Não
2026-07-13,23120,Não aprovado,NÃO,,9389.96,CABW,C,REQUISIÇÃO,Não
2026-07-13,23140,Não aprovado,NÃO,,1163.64,FMS,C,REQUISIÇÃO,Não
2026-07-13,23160,Não aprovado,NÃO,,7204.82,CABW,C,REQUISIÇÃO,Não
2026-07-13,23180,Não aprovado,NÃO,,3662.66,CABW,C,REQUISIÇÃO,Não
2026-07-13,25900,Atendido,SIM,ATENDIDO,1704503.0,CELOG,RAP,HORA DE VOO,Não
2026-07-13,25920,Atendido,SIM,ATENDIDO,1638125.5,CELOG,RAP,HORA DE VOO,Não
2026-07-13,12740,Atendido,SIM,ATENDIDO,1770880.5,CELOG,A,HORA DE VOO,Não
2026-07-13,13760,Atendido,SIM,ATENDIDO,1704503.0,CELOG,A,HORA DE VOO,Não
2026-07-13,15680,Atendido,SIM,ATENDIDO,1496713.48,CELOG,A,HORA DE VOO,Não
2026-07-13,16560,"Aprovado, aguardando atendimento",SIM,,173846.38,CELOG,A,HORA DE VOO,Não
2026-07-13,17760,"Aprovado, aguardando atendimento",SIM,,1704503.0,CELOG,A,HORA DE VOO,Não
2026-07-13,17761,"Aprovado, aguardando atendimento",SIM,,1704503.0,CELOG,A,HORA DE VOO,Não
2026-07-13,17762,"Aprovado, aguardando atendimento",SIM,,1704503.0,CELOG,A,HORA DE VOO,Não
2026-07-13,18140,"Aprovado, aguardando atendimento",SIM,,1295422.28,CELOG,A,HORA DE VOO,Não
2026-07-13,15440,"Aprovado, aguardando atendimento",SIM,,30000.0,CELOG,A,SOB DEMANDA,Não
2026-07-13,15380,Atendido,SIM,ATENDIDO,150000.0,CELOG,A,SOB DEMANDA,Não
2026-07-13,15400,Atendido,SIM,ATENDIDO,150000.0,CELOG,A,SOB DEMANDA,Não
2026-07-13,15420,Atendido,SIM,ATENDIDO,18462.36,CELOG,A,SOB DEMANDA,Não
2026-07-13,25940,Atendido,SIM,ATENDIDO,3800000.0,CELOG,RAP,SOB DEMANDA,SIM
2026-07-13,25960,Atendido,SIM,ATENDIDO,3800000.0,CELOG,RAP,SOB DEMANDA,SIM
2026-07-13,11700,Atendido,SIM,ATENDIDO,3799999.6,CELOG,A,SOB DEMANDA,SIM
2026-07-13,13180,Atendido,SIM,ATENDIDO,350000.0,CELOG,A,SOB DEMANDA,SIM
2026-07-13,16000,Atendido,SIM,ATENDIDO,400000.0,CELOG,A,SOB DEMANDA,SIM
2026-07-13,13200,"Aprovado, aguardando atendimento",SIM,,1000000.0,CELOG,A,SOB DEMANDA,SIM
2026-07-13,16700,"Aprovado, aguardando atendimento",SIM,,1000000.0,CELOG,A,SOB DEMANDA,SIM
2026-07-13,25180,"Aprovado, aguardando atendimento",SIM,,1000000.0,CELOG,A,SOB DEMANDA,SIM
2026-07-13,14160,Atendido,SIM,ATENDIDO,3799000.0,CELOG,A,SOB DEMANDA,SIM
2026-07-13,15960,"Aprovado, aguardando atendimento",SIM,,962290.8,CELOG,A,SOB DEMANDA,SIM
2026-07-13,15980,Não aprovado,NÃO,CANCELADO,,CELOG,C,SOB DEMANDA,SIM
2026-07-13,10300,"Aprovado, aguardando atendimento",SIM,,135000.0,CABW,A,REQUISIÇÃO,Não
2026-07-13,10760,"Aprovado, aguardando atendimento",SIM,,400000.0,FMS,A,REQUISIÇÃO,SIM
2026-07-13,13220,"Aprovado, aguardando atendimento",SIM,,400000.0,FMS,A,REQUISIÇÃO,SIM
2026-07-13,23740,"Aprovado, aguardando atendimento",SIM,,400000.0,FMS,A,REQUISIÇÃO,SIM
2026-07-13,11800,Atendido,SIM,ATENDIDO,1187433.02,CABW,A,REQUISIÇÃO,Não
2026-07-13,17200,"Aprovado, aguardando atendimento",SIM,,958040.0,CABW,A,REQUISIÇÃO,Não
2026-07-13,11820,"Aprovado, aguardando atendimento",SIM,,1000000.0,CABW,A,REQUISIÇÃO,Não
2026-07-13,24660,Não aprovado,NÃO,,835000.0,CABW,C,REQUISIÇÃO,Não
2026-07-13,11840,"Aprovado, aguardando atendimento",SIM,,1000000.0,CABW,A,REQUISIÇÃO,Não
2026-07-13,24680,Não aprovado,NÃO,,1000000.0,CABW,C,REQUISIÇÃO,Não
2026-07-13,11860,"Aprovado, aguardando atendimento",SIM,,1000000.0,CABW,A,REQUISIÇÃO,Não
2026-07-13,24700,Não aprovado,NÃO,,1000000.0,CABW,C,REQUISIÇÃO,Não
2026-07-13,11880,"Aprovado, aguardando atendimento",SIM,,100000.0,FMS,A,REQUISIÇÃO,Não
2026-07-13,14180,"Aprovado, aguardando atendimento",SIM,,100000.0,FMS,A,REQUISIÇÃO,Não
2026-07-13,24180,"Aprovado, aguardando atendimento",SIM,,100000.0,FMS,A,REQUISIÇÃO,Não
2026-07-13,24720,Não aprovado,NÃO,,100000.0,FMS,C,REQUISIÇÃO,Não
2026-07-13,11760,"Aprovado, aguardando atendimento",SIM,,200000.0,CABW,A,REQUISIÇÃO,SIM
2026-07-13,11680,"Aprovado, aguardando atendimento",SIM,,563000.0,CABW,A,REQUISIÇÃO,SIM
2026-07-13,11780,"Aprovado, aguardando atendimento",SIM,,320000.0,CABW,A,REQUISIÇÃO,SIM
2026-07-13,13240,"Aprovado, aguardando atendimento",SIM,,120000.0,CABW,A,REQUISIÇÃO,SIM
2026-07-13,23640,Não aprovado,NÃO,,120000.0,CABW,C,REQUISIÇÃO,SIM
2026-07-13,13260,"Aprovado, aguardando atendimento",SIM,,80000.0,CABW,A,REQUISIÇÃO,SIM
2026-07-13,24380,Não aprovado,NÃO,,80000.0,CABW,C,REQUISIÇÃO,SIM
2026-07-13,10780,"Aprovado, aguardando atendimento",SIM,,430000.0,CABW,A,REQUISIÇÃO,SIM
2026-07-13,11720,"Aprovado, aguardando atendimento",SIM,,430000.0,CABW,A,REQUISIÇÃO,SIM
2026-07-13,10800,"Aprovado, aguardando atendimento",SIM,,425000.0,CABW,A,REQUISIÇÃO,SIM
2026-07-13,11740,"Aprovado, aguardando atendimento",SIM,,60000.0,CABW,A,REQUISIÇÃO,SIM
2026-07-13,19240,"Aprovado, aguardando atendimento",SIM,,500000.0,CELOG,D,PARCELA FIXA,Não
2026-07-13,19260,"Aprovado, aguardando atendimento",SIM,,4000000.0,CELOG,D,PARCELA FIXA,Não
2026-07-13,19600,Não aprovado,NÃO,,5500000.0,CELOG,D,PARCELA FIXA,Não
2026-07-13,19620,Não aprovado,NÃO,,5500000.0,CELOG,D,PARCELA FIXA,Não
2026-07-13,24661,Não aprovado,NÃO,,165000.0,CABW,C,REQUISIÇÃO,Não
2026-07-13,63120,Não aprovado,NÃO,,3800000.0,CELOG,C,SOB DEMANDA,SIM
2026-07-13,63140,"Aprovado, aguardando atendimento",SIM,,4394700.0,CABW,C,SOB DEMANDA,SIM
2026-07-13,63940,"Aprovado, aguardando atendimento",SIM,,528395.93,CELOG,A,HORA DE VOO,Não
2026-07-13,63960,Não aprovado,NÃO,,1000000.0,CELOG,B,SOB DEMANDA,SIM
2026-07-13,64340,"Aprovado, aguardando atendimento",SIM,,4394700.0,CABW,C,SOB DEMANDA,SIM
2026-07-14,13181,Atendido,SIM,ATENDIDO,350000.0,CELOG,A,SOB DEMANDA,SIM
2026-07-14,14161,Atendido,SIM,ATENDIDO,1000.0,CELOG,A,SOB DEMANDA,SIM
2026-07-14,15421,Atendido,SIM,ATENDIDO,324166.14,CELOG,A,SOB DEMANDA,Não
2026-07-14,15681,Atendido,SIM,ATENDIDO,207789.52,CELOG,A,HORA DE VOO,Não
2026-07-14,15961,Atendido,SIM,ATENDIDO,800000.0,CELOG,A,SOB DEMANDA,SIM
2026-07-14,15962,"Aprovado, aguardando atendimento",SIM,,1530656.62,CELOG,A,SOB DEMANDA,SIM
2026-07-14,15963,Atendido,SIM,ATENDIDO,72958.08,CELOG,A,SOB DEMANDA,SIM
2026-07-14,15964,Atendido,SIM,ATENDIDO,8916.0,CELOG,A,SOB DEMANDA,SIM
2026-07-14,15965,Atendido,SIM,ATENDIDO,425178.5,CELOG,A,SOB DEMANDA,SIM
2026-07-14,16001,Atendido,SIM,ATENDIDO,400000.0,CELOG,A,SOB DEMANDA,SIM
2026-07-14,16561,Atendido,SIM,ATENDIDO,1530656.62,CELOG,A,HORA DE VOO,Não
2026-07-14,17201,Atendido,SIM,ATENDIDO,41730.64,CABW,A,REQUISIÇÃO,Não
2026-07-14,19241,Não aprovado,NÃO,BLOQUEIO,5000000.0,CELOG,D,PARCELA FIXA,Não
2026-07-14,23080,Não aprovado,NÃO,,4064.54,CELOG,C,REQUISIÇÃO,Não
2026-07-14,23100,Não aprovado,NÃO,,4227.84,CABW,C,REQUISIÇÃO,Não
2026-07-14,23120,Não aprovado,NÃO,,9389.96,CABW,C,REQUISIÇÃO,Não
2026-07-14,23140,Não aprovado,NÃO,,1163.64,FMS,C,REQUISIÇÃO,Não
2026-07-14,23160,Não aprovado,NÃO,,7204.82,CABW,C,REQUISIÇÃO,Não
2026-07-14,23180,Não aprovado,NÃO,,3662.66,CABW,C,REQUISIÇÃO,Não
2026-07-14,25900,Atendido,SIM,ATENDIDO,1704503.0,CELOG,RAP,HORA DE VOO,Não
2026-07-14,25920,Atendido,SIM,ATENDIDO,1638125.5,CELOG,RAP,HORA DE VOO,Não
2026-07-14,12740,Atendido,SIM,ATENDIDO,1770880.5,CELOG,A,HORA DE VOO,Não
2026-07-14,13760,Atendido,SIM,ATENDIDO,1704503.0,CELOG,A,HORA DE VOO,Não
2026-07-14,15680,Atendido,SIM,ATENDIDO,1496713.48,CELOG,A,HORA DE VOO,Não
2026-07-14,16560,"Aprovado, aguardando atendimento",SIM,,173846.38,CELOG,A,HORA DE VOO,Não
2026-07-14,17760,"Aprovado, aguardando atendimento",SIM,,1704503.0,CELOG,A,HORA DE VOO,Não
2026-07-14,17761,"Aprovado, aguardando atendimento",SIM,,1704503.0,CELOG,A,HORA DE VOO,Não
2026-07-14,17762,"Aprovado, aguardando atendimento",SIM,,1704503.0,CELOG,A,HORA DE VOO,Não
2026-07-14,18140,"Aprovado, aguardando atendimento",SIM,,1295422.28,CELOG,A,HORA DE VOO,Não
2026-07-14,15440,"Aprovado, aguardando atendimento",SIM,,30000.0,CELOG,A,SOB DEMANDA,Não
2026-07-14,15380,Atendido,SIM,ATENDIDO,150000.0,CELOG,A,SOB DEMANDA,Não
2026-07-14,15400,Atendido,SIM,ATENDIDO,150000.0,CELOG,A,SOB DEMANDA,Não
2026-07-14,15420,Atendido,SIM,ATENDIDO,18462.36,CELOG,A,SOB DEMANDA,Não
2026-07-14,25940,Atendido,SIM,ATENDIDO,3800000.0,CELOG,RAP,SOB DEMANDA,SIM
2026-07-14,25960,Atendido,SIM,ATENDIDO,3800000.0,CELOG,RAP,SOB DEMANDA,SIM
2026-07-14,11700,Atendido,SIM,ATENDIDO,3799999.6,CELOG,A,SOB DEMANDA,SIM
2026-07-14,13180,Atendido,SIM,ATENDIDO,350000.0,CELOG,A,SOB DEMANDA,SIM
2026-07-14,16000,Atendido,SIM,ATENDIDO,400000.0,CELOG,A,SOB DEMANDA,SIM
2026-07-14,13200,"Aprovado, aguardando atendimento",SIM,,1000000.0,CELOG,A,SOB DEMANDA,SIM
2026-07-14,16700,"Aprovado, aguardando atendimento",SIM,,1000000.0,CELOG,A,SOB DEMANDA,SIM
2026-07-14,25180,"Aprovado, aguardando atendimento",SIM,,1000000.0,CELOG,A,SOB DEMANDA,SIM
2026-07-14,14160,Atendido,SIM,ATENDIDO,3799000.0,CELOG,A,SOB DEMANDA,SIM
2026-07-14,15960,"Aprovado, aguardando atendimento",SIM,,962290.8,CELOG,A,SOB DEMANDA,SIM
2026-07-14,15980,Não aprovado,NÃO,CANCELADO,,CELOG,C,SOB DEMANDA,SIM
2026-07-14,10300,"Aprovado, aguardando atendimento",SIM,,135000.0,CABW,A,REQUISIÇÃO,Não
2026-07-14,10760,"Aprovado, aguardando atendimento",SIM,,400000.0,FMS,A,REQUISIÇÃO,SIM
2026-07-14,13220,"Aprovado, aguardando atendimento",SIM,,400000.0,FMS,A,REQUISIÇÃO,SIM
2026-07-14,23740,"Aprovado, aguardando atendimento",SIM,,400000.0,FMS,A,REQUISIÇÃO,SIM
2026-07-14,11800,Atendido,SIM,ATENDIDO,1187433.02,CABW,A,REQUISIÇÃO,Não
2026-07-14,17200,"Aprovado, aguardando atendimento",SIM,,958040.0,CABW,A,REQUISIÇÃO,Não
2026-07-14,11820,"Aprovado, aguardando atendimento",SIM,,1000000.0,CABW,A,REQUISIÇÃO,Não
2026-07-14,24660,Não aprovado,NÃO,,835000.0,CABW,C,REQUISIÇÃO,Não
2026-07-14,11840,"Aprovado, aguardando atendimento",SIM,,1000000.0,CABW,A,REQUISIÇÃO,Não
2026-07-14,24680,Não aprovado,NÃO,,1000000.0,CABW,C,REQUISIÇÃO,Não
2026-07-14,11860,"Aprovado, aguardando atendimento",SIM,,1000000.0,CABW,A,REQUISIÇÃO,Não
2026-07-14,24700,Não aprovado,NÃO,,1000000.0,CABW,C,REQUISIÇÃO,Não
2026-07-14,11880,"Aprovado, aguardando atendimento",SIM,,100000.0,FMS,A,REQUISIÇÃO,Não
2026-07-14,14180,"Aprovado, aguardando atendimento",SIM,,100000.0,FMS,A,REQUISIÇÃO,Não
2026-07-14,24180,"Aprovado, aguardando atendimento",SIM,,100000.0,FMS,A,REQUISIÇÃO,Não
2026-07-14,24720,Não aprovado,NÃO,,100000.0,FMS,C,REQUISIÇÃO,Não
2026-07-14,11760,"Aprovado, aguardando atendimento",SIM,,200000.0,CABW,A,REQUISIÇÃO,SIM
2026-07-14,11680,"Aprovado, aguardando atendimento",SIM,,563000.0,CABW,A,REQUISIÇÃO,SIM
2026-07-14,11780,"Aprovado, aguardando atendimento",SIM,,320000.0,CABW,A,REQUISIÇÃO,SIM
2026-07-14,13240,"Aprovado, aguardando atendimento",SIM,,120000.0,CABW,A,REQUISIÇÃO,SIM
2026-07-14,23640,Não aprovado,NÃO,,120000.0,CABW,C,REQUISIÇÃO,SIM
2026-07-14,13260,"Aprovado, aguardando atendimento",SIM,,80000.0,CABW,A,REQUISIÇÃO,SIM
2026-07-14,24380,Não aprovado,NÃO,,80000.0,CABW,C,REQUISIÇÃO,SIM
2026-07-14,10780,"Aprovado, aguardando atendimento",SIM,,430000.0,CABW,A,REQUISIÇÃO,SIM
2026-07-14,11720,"Aprovado, aguardando atendimento",SIM,,430000.0,CABW,A,REQUISIÇÃO,SIM
2026-07-14,10800,"Aprovado, aguardando atendimento",SIM,,425000.0,CABW,A,REQUISIÇÃO,SIM
2026-07-14,11740,"Aprovado, aguardando atendimento",SIM,,60000.0,CABW,A,REQUISIÇÃO,SIM
2026-07-14,19240,"Aprovado, aguardando atendimento",SIM,,500000.0,CELOG,D,PARCELA FIXA,Não
2026-07-14,19260,"Aprovado, aguardando atendimento",SIM,,4000000.0,CELOG,D,PARCELA FIXA,Não
2026-07-14,19600,Não aprovado,NÃO,,5500000.0,CELOG,D,PARCELA FIXA,Não
2026-07-14,19620,Não aprovado,NÃO,,5500000.0,CELOG,D,PARCELA FIXA,Não
2026-07-14,24661,Não aprovado,NÃO,,165000.0,CABW,C,REQUISIÇÃO,Não
2026-07-14,63120,Não aprovado,NÃO,,3800000.0,CELOG,C,SOB DEMANDA,SIM
2026-07-14,63140,"Aprovado, aguardando atendimento",SIM,,4394700.0,CABW,C,SOB DEMANDA,SIM
2026-07-14,63940,"Aprovado, aguardando atendimento",SIM,,528395.93,CELOG,A,HORA DE VOO,Não
2026-07-14,63960,Não aprovado,NÃO,,1000000.0,CELOG,B,SOB DEMANDA,SIM
2026-07-14,64340,"Aprovado, aguardando atendimento",SIM,,4394700.0,CABW,C,SOB DEMANDA,SIM
